student_id,age,math_score,science_score,english_score,city,gender,grade,study_hours,Average_Score,Total_Score,Result,Result_encoded
1,21.0,96.0,49.0,48.0,Lalitpur,Other,A,5.0,64.33333333333333,193.0,pass,1
2,18.0,59.0,28.0,63.0,Bhaktapur,Female,C,1.0,50.0,150.0,pass,1
3,22.0,42.0,56.0,31.0,Kathmandu,Female,B,3.0,43.0,129.0,pass,1
4,19.0,75.0,38.0,6.0,Lalitpur,Other,A,6.0,39.666666666666664,119.0,fail,0
5,21.0,99.0,94.0,20.0,Biratnagar,Other,C,7.0,71.0,213.0,pass,1
6,24.0,67.0,55.0,19.0,Biratnagar,Male,A,2.0,47.0,141.0,pass,1
7,17.0,4.0,42.0,25.0,Kathmandu,Other,A,8.0,23.666666666666668,71.0,fail,0
8,21.0,36.0,49.0,67.0,Kathmandu,Other,B,1.0,50.666666666666664,152.0,pass,1
9,22.0,71.0,22.0,85.0,Lalitpur,Other,A,7.0,59.333333333333336,178.0,pass,1
10,19.0,91.0,43.0,14.0,Pokhara,Male,D,7.0,49.333333333333336,148.0,pass,1
11,19.0,48.0,48.0,47.0,Bhaktapur,Other,B,4.5,47.666666666666664,143.0,pass,1
12,22.0,8.0,83.0,78.0,Pokhara,Other,D,0.0,56.333333333333336,169.0,pass,1
13,22.0,50.0,22.0,85.0,Bhaktapur,Male,A,0.0,52.333333333333336,157.0,pass,1
14,17.0,28.0,44.0,91.0,Biratnagar,Other,D,1.0,54.333333333333336,163.0,pass,1
15,20.0,77.0,51.0,13.0,Pokhara,Other,C,8.0,47.0,141.0,pass,1
16,19.0,39.0,79.0,26.0,Biratnagar,Male,A,1.0,48.0,144.0,pass,1
17,16.0,40.0,49.0,39.0,Pokhara,Female,C,1.0,42.666666666666664,128.0,pass,1
18,22.0,85.0,7.0,57.0,Bhaktapur,Male,D,5.0,49.666666666666664,149.0,pass,1
19,20.0,10.0,84.0,27.0,Kathmandu,Other,C,6.0,40.333333333333336,121.0,pass,1
20,16.0,22.0,0.0,25.0,Bhaktapur,Other,A,6.0,15.666666666666666,47.0,fail,0
21,19.0,0.0,7.0,62.0,Kathmandu,Other,C,8.0,23.0,69.0,fail,0
22,15.0,45.0,28.0,65.0,Kathmandu,Male,D,5.0,46.0,138.0,pass,1
23,24.0,20.0,95.0,24.0,Biratnagar,Other,D,7.0,46.333333333333336,139.0,pass,1
24,19.0,48.0,48.0,47.0,Bhaktapur,Other,D,4.5,47.666666666666664,143.0,pass,1
25,23.0,35.0,85.0,71.0,Pokhara,Male,A,1.0,63.666666666666664,191.0,pass,1
26,15.0,53.0,46.0,43.0,Bhaktapur,Female,D,0.0,47.333333333333336,142.0,pass,1
27,24.0,86.0,33.0,96.0,Biratnagar,Female,A,4.0,71.66666666666667,215.0,pass,1
28,17.0,56.0,64.0,41.0,Kathmandu,Other,C,8.0,53.666666666666664,161.0,pass,1
29,21.0,0.0,54.0,98.0,Biratnagar,Male,D,7.0,50.666666666666664,152.0,pass,1
30,18.0,62.0,89.0,5.0,Lalitpur,Other,C,3.0,52.0,156.0,pass,1
31,19.0,48.0,48.0,47.0,Bhaktapur,Other,B,4.5,47.666666666666664,143.0,pass,1
32,17.0,54.0,73.0,51.0,Pokhara,Male,C,4.0,59.333333333333336,178.0,pass,1
33,19.0,39.0,29.0,22.0,Biratnagar,Female,B,5.0,30.0,90.0,fail,0
34,17.0,14.0,81.0,88.0,Pokhara,Female,C,2.0,61.0,183.0,pass,1
35,21.0,20.0,16.0,49.0,Pokhara,Male,A,4.0,28.333333333333332,85.0,fail,0
36,19.0,46.0,25.0,42.0,Lalitpur,Other,C,1.0,37.666666666666664,113.0,fail,0
37,23.0,72.0,7.0,18.0,Pokhara,Female,A,9.0,32.333333333333336,97.0,fail,0
38,21.0,52.0,46.0,68.0,Lalitpur,Other,A,0.0,55.333333333333336,166.0,pass,1
39,16.0,8.0,75.0,50.0,Kathmandu,Female,D,0.0,44.333333333333336,133.0,pass,1
40,19.0,48.0,48.0,47.0,Bhaktapur,Other,A,4.5,47.666666666666664,143.0,pass,1
41,23.0,51.0,71.0,11.0,Pokhara,Other,B,6.0,44.333333333333336,133.0,pass,1
42,16.0,56.0,88.0,73.0,Lalitpur,Female,D,1.0,72.33333333333333,217.0,pass,1
43,24.0,25.0,45.0,7.0,Bhaktapur,Female,D,3.0,25.666666666666668,77.0,fail,0
44,23.0,40.0,67.0,23.0,Pokhara,Other,C,4.0,43.333333333333336,130.0,pass,1
45,24.0,34.0,32.0,91.0,Kathmandu,Female,A,6.0,52.333333333333336,157.0,pass,1
46,19.0,62.0,0.0,40.0,Kathmandu,Female,A,1.0,34.0,102.0,fail,0
47,16.0,24.0,18.0,35.0,Bhaktapur,Female,B,5.0,25.666666666666668,77.0,fail,0
48,18.0,89.0,30.0,84.0,Lalitpur,Other,C,0.0,67.66666666666667,203.0,pass,1
49,21.0,74.0,79.0,71.0,Pokhara,Male,C,6.0,74.66666666666667,224.0,pass,1
50,22.0,37.0,13.0,54.0,Lalitpur,Other,D,8.0,34.666666666666664,104.0,fail,0
51,17.0,1.0,52.0,8.0,Kathmandu,Male,D,4.0,20.333333333333332,61.0,fail,0
52,15.0,6.0,47.0,46.0,Lalitpur,Female,D,4.0,33.0,99.0,fail,0
53,18.0,81.0,68.0,14.0,Kathmandu,Male,B,3.0,54.333333333333336,163.0,pass,1
54,16.0,90.0,89.0,47.0,Lalitpur,Other,B,2.0,75.33333333333333,226.0,pass,1
55,19.0,48.0,48.0,47.0,Bhaktapur,Other,D,4.5,47.666666666666664,143.0,pass,1
56,18.0,90.0,91.0,41.0,Biratnagar,Female,C,4.0,74.0,222.0,pass,1
57,16.0,16.0,65.0,59.0,Bhaktapur,Male,B,7.0,46.666666666666664,140.0,pass,1
58,20.0,42.0,63.0,83.0,Bhaktapur,Female,C,8.0,62.666666666666664,188.0,pass,1
59,20.0,58.0,69.0,69.0,Biratnagar,Female,C,4.0,65.33333333333333,196.0,pass,1
60,19.0,48.0,48.0,47.0,Bhaktapur,Other,A,4.5,47.666666666666664,143.0,pass,1
61,18.0,53.0,72.0,1.0,Pokhara,Male,D,8.0,42.0,126.0,pass,1
62,20.0,23.0,32.0,6.0,Pokhara,Male,A,1.0,20.333333333333332,61.0,fail,0
63,16.0,24.0,40.0,79.0,Bhaktapur,Male,D,8.0,47.666666666666664,143.0,pass,1
64,19.0,48.0,48.0,47.0,Bhaktapur,Other,D,4.5,47.666666666666664,143.0,pass,1
65,16.0,51.0,47.0,2.0,Kathmandu,Female,C,5.0,33.333333333333336,100.0,fail,0
66,24.0,69.0,12.0,26.0,Kathmandu,Female,D,5.0,35.666666666666664,107.0,fail,0
67,19.0,48.0,48.0,47.0,Bhaktapur,Other,C,4.5,47.666666666666664,143.0,pass,1
68,19.0,48.0,48.0,47.0,Bhaktapur,Other,C,4.5,47.666666666666664,143.0,pass,1
69,21.0,48.0,30.0,91.0,Kathmandu,Female,D,6.0,56.333333333333336,169.0,pass,1
70,23.0,28.0,74.0,0.0,Kathmandu,Other,C,5.0,34.0,102.0,fail,0
71,19.0,48.0,48.0,47.0,Bhaktapur,Other,C,4.5,47.666666666666664,143.0,pass,1
72,19.0,21.0,97.0,31.0,Lalitpur,Other,C,1.0,49.666666666666664,149.0,pass,1
73,16.0,25.0,3.0,47.0,Kathmandu,Female,B,6.0,25.0,75.0,fail,0
74,19.0,27.0,18.0,3.0,Lalitpur,Female,C,0.0,16.0,48.0,fail,0
75,22.0,84.0,69.0,93.0,Biratnagar,Other,B,0.0,82.0,246.0,pass,1
76,24.0,48.0,97.0,69.0,Pokhara,Other,B,0.0,71.33333333333333,214.0,pass,1
77,19.0,48.0,48.0,47.0,Bhaktapur,Other,C,4.5,47.666666666666664,143.0,pass,1
78,23.0,80.0,12.0,31.0,Kathmandu,Female,C,3.0,41.0,123.0,pass,1
79,15.0,83.0,22.0,8.0,Bhaktapur,Female,B,3.0,37.666666666666664,113.0,fail,0
80,23.0,48.0,82.0,11.0,Kathmandu,Male,B,1.0,47.0,141.0,pass,1
81,21.0,19.0,74.0,10.0,Lalitpur,Female,C,0.0,34.333333333333336,103.0,fail,0
82,23.0,85.0,0.0,45.0,Bhaktapur,Female,C,9.0,43.333333333333336,130.0,pass,1
83,22.0,91.0,87.0,15.0,Lalitpur,Female,D,8.0,64.33333333333333,193.0,pass,1
84,15.0,62.0,53.0,0.0,Biratnagar,Other,B,6.0,38.333333333333336,115.0,fail,0
85,22.0,60.0,70.0,62.0,Lalitpur,Female,B,3.0,64.0,192.0,pass,1
86,22.0,48.0,88.0,20.0,Biratnagar,Other,D,5.0,52.0,156.0,pass,1
87,17.0,70.0,84.0,29.0,Biratnagar,Male,B,1.0,61.0,183.0,pass,1
88,15.0,0.0,14.0,12.0,Lalitpur,Male,A,6.0,8.666666666666666,26.0,fail,0
89,19.0,48.0,48.0,47.0,Bhaktapur,Other,B,4.5,47.666666666666664,143.0,pass,1
90,17.0,12.0,75.0,3.0,Biratnagar,Other,D,9.0,30.0,90.0,fail,0
91,17.0,93.0,70.0,27.0,Bhaktapur,Other,A,7.0,63.333333333333336,190.0,pass,1
92,15.0,86.0,14.0,94.0,Biratnagar,Female,C,7.0,64.66666666666667,194.0,pass,1
93,19.0,50.0,20.0,58.0,Pokhara,Male,D,0.0,42.666666666666664,128.0,pass,1
94,24.0,55.0,18.0,26.0,Biratnagar,Other,D,7.0,33.0,99.0,fail,0
95,21.0,82.0,59.0,68.0,Bhaktapur,Female,C,1.0,69.66666666666667,209.0,pass,1
96,24.0,61.0,92.0,24.0,Pokhara,Male,D,5.0,59.0,177.0,pass,1
97,19.0,48.0,48.0,47.0,Bhaktapur,Other,B,4.5,47.666666666666664,143.0,pass,1
98,21.0,29.0,32.0,96.0,Kathmandu,Male,C,4.0,52.333333333333336,157.0,pass,1
99,23.0,28.0,48.0,67.0,Bhaktapur,Female,D,6.0,47.666666666666664,143.0,pass,1
100,22.0,48.0,95.0,24.0,Biratnagar,Male,C,9.0,55.666666666666664,167.0,pass,1
101,16.0,44.0,34.0,19.0,Lalitpur,Male,C,0.0,32.333333333333336,97.0,fail,0
102,19.0,48.0,48.0,47.0,Bhaktapur,Other,C,4.5,47.666666666666664,143.0,pass,1
103,21.0,29.0,89.0,25.0,Pokhara,Other,A,6.0,47.666666666666664,143.0,pass,1
104,21.0,15.0,10.0,4.0,Pokhara,Male,D,5.0,9.666666666666666,29.0,fail,0
105,22.0,39.0,98.0,98.0,Kathmandu,Other,A,2.0,78.33333333333333,235.0,pass,1
106,19.0,18.0,71.0,60.0,Pokhara,Female,D,9.0,49.666666666666664,149.0,pass,1
107,17.0,17.0,77.0,91.0,Bhaktapur,Other,B,1.0,61.666666666666664,185.0,pass,1
108,19.0,48.0,48.0,47.0,Bhaktapur,Other,B,4.5,47.666666666666664,143.0,pass,1
109,20.0,77.0,65.0,8.0,Bhaktapur,Other,B,3.0,50.0,150.0,pass,1
110,17.0,46.0,45.0,49.0,Lalitpur,Other,D,2.0,46.666666666666664,140.0,pass,1
111,15.0,65.0,8.0,5.0,Kathmandu,Other,C,6.0,26.0,78.0,fail,0
112,17.0,91.0,2.0,82.0,Pokhara,Male,C,7.0,58.333333333333336,175.0,pass,1
113,19.0,93.0,84.0,59.0,Bhaktapur,Male,A,1.0,78.66666666666667,236.0,pass,1
114,17.0,37.0,25.0,43.0,Biratnagar,Male,A,9.0,35.0,105.0,fail,0
115,15.0,50.0,71.0,10.0,Kathmandu,Female,B,6.0,43.666666666666664,131.0,pass,1
116,19.0,62.0,47.0,65.0,Lalitpur,Other,A,7.0,58.0,174.0,pass,1
117,24.0,3.0,65.0,46.0,Bhaktapur,Male,D,5.0,38.0,114.0,fail,0
118,21.0,0.0,69.0,72.0,Lalitpur,Female,D,5.0,47.0,141.0,pass,1
119,21.0,7.0,27.0,84.0,Lalitpur,Male,A,9.0,39.333333333333336,118.0,fail,0
120,23.0,28.0,92.0,87.0,Pokhara,Male,A,0.0,69.0,207.0,pass,1
121,24.0,54.0,25.0,97.0,Pokhara,Other,A,3.0,58.666666666666664,176.0,pass,1
122,24.0,2.0,24.0,85.0,Bhaktapur,Female,A,0.0,37.0,111.0,fail,0
123,17.0,31.0,11.0,2.0,Biratnagar,Other,B,3.0,14.666666666666666,44.0,fail,0
124,21.0,9.0,4.0,75.0,Bhaktapur,Other,B,1.0,29.333333333333332,88.0,fail,0
125,15.0,73.0,97.0,91.0,Biratnagar,Male,A,4.0,87.0,261.0,pass,1
126,18.0,82.0,47.0,29.0,Lalitpur,Other,D,9.0,52.666666666666664,158.0,pass,1
127,18.0,33.0,36.0,89.0,Kathmandu,Female,B,8.0,52.666666666666664,158.0,pass,1
128,19.0,96.0,78.0,20.0,Bhaktapur,Other,D,9.0,64.66666666666667,194.0,pass,1
129,21.0,86.0,43.0,27.0,Bhaktapur,Other,C,2.0,52.0,156.0,pass,1
130,21.0,54.0,99.0,89.0,Biratnagar,Other,D,7.0,80.66666666666667,242.0,pass,1
131,18.0,91.0,14.0,61.0,Lalitpur,Male,A,2.0,55.333333333333336,166.0,pass,1
132,21.0,31.0,42.0,32.0,Lalitpur,Female,C,5.0,35.0,105.0,fail,0
133,17.0,49.0,47.0,84.0,Biratnagar,Male,B,3.0,60.0,180.0,pass,1
134,20.0,6.0,86.0,34.0,Lalitpur,Male,B,7.0,42.0,126.0,pass,1
135,16.0,92.0,69.0,51.0,Pokhara,Male,C,5.0,70.66666666666667,212.0,pass,1
136,24.0,7.0,45.0,33.0,Kathmandu,Male,D,7.0,28.333333333333332,85.0,fail,0
137,19.0,48.0,48.0,47.0,Bhaktapur,Other,B,4.5,47.666666666666664,143.0,pass,1
138,19.0,56.0,20.0,50.0,Kathmandu,Female,A,5.0,42.0,126.0,pass,1
139,20.0,66.0,22.0,46.0,Bhaktapur,Other,C,0.0,44.666666666666664,134.0,pass,1
140,19.0,48.0,48.0,47.0,Bhaktapur,Other,A,4.5,47.666666666666664,143.0,pass,1
141,24.0,86.0,46.0,57.0,Lalitpur,Male,C,7.0,63.0,189.0,pass,1
142,21.0,58.0,14.0,74.0,Biratnagar,Female,B,6.0,48.666666666666664,146.0,pass,1
143,23.0,71.0,24.0,56.0,Pokhara,Female,D,2.0,50.333333333333336,151.0,pass,1
144,21.0,53.0,35.0,22.0,Kathmandu,Other,C,5.0,36.666666666666664,110.0,fail,0
145,15.0,66.0,74.0,47.0,Biratnagar,Female,C,8.0,62.333333333333336,187.0,pass,1
146,15.0,50.0,50.0,21.0,Lalitpur,Other,A,6.0,40.333333333333336,121.0,pass,1
147,23.0,96.0,14.0,16.0,Pokhara,Male,B,2.0,42.0,126.0,pass,1
148,23.0,91.0,67.0,68.0,Biratnagar,Male,A,5.0,75.33333333333333,226.0,pass,1
149,18.0,7.0,20.0,10.0,Pokhara,Other,B,3.0,12.333333333333334,37.0,fail,0
150,23.0,33.0,12.0,93.0,Pokhara,Female,A,2.0,46.0,138.0,pass,1
151,17.0,34.0,85.0,14.0,Lalitpur,Other,C,8.0,44.333333333333336,133.0,pass,1
152,21.0,95.0,18.0,90.0,Bhaktapur,Female,A,9.0,67.66666666666667,203.0,pass,1
153,20.0,87.0,33.0,34.0,Biratnagar,Male,D,1.0,51.333333333333336,154.0,pass,1
154,22.0,77.0,77.0,32.0,Lalitpur,Female,B,0.0,62.0,186.0,pass,1
155,23.0,31.0,67.0,83.0,Pokhara,Other,B,1.0,60.333333333333336,181.0,pass,1
156,19.0,45.0,51.0,15.0,Lalitpur,Other,C,6.0,37.0,111.0,fail,0
157,15.0,15.0,26.0,33.0,Bhaktapur,Male,B,9.0,24.666666666666668,74.0,fail,0
158,17.0,67.0,28.0,65.0,Biratnagar,Female,D,0.0,53.333333333333336,160.0,pass,1
159,24.0,36.0,27.0,98.0,Bhaktapur,Female,A,5.0,53.666666666666664,161.0,pass,1
160,22.0,53.0,34.0,39.0,Kathmandu,Female,C,6.0,42.0,126.0,pass,1
161,20.0,84.0,7.0,27.0,Biratnagar,Male,D,8.0,39.333333333333336,118.0,fail,0
162,22.0,13.0,15.0,46.0,Bhaktapur,Female,B,7.0,24.666666666666668,74.0,fail,0
163,23.0,94.0,35.0,38.0,Pokhara,Other,B,5.0,55.666666666666664,167.0,pass,1
164,18.0,54.0,29.0,69.0,Biratnagar,Female,D,2.0,50.666666666666664,152.0,pass,1
165,15.0,47.0,17.0,72.0,Biratnagar,Male,A,7.0,45.333333333333336,136.0,pass,1
166,15.0,81.0,1.0,19.0,Lalitpur,Female,A,6.0,33.666666666666664,101.0,fail,0
167,24.0,6.0,48.0,0.0,Pokhara,Female,C,2.0,18.0,54.0,fail,0
168,18.0,73.0,76.0,71.0,Kathmandu,Other,B,8.0,73.33333333333333,220.0,pass,1
169,21.0,6.0,3.0,86.0,Bhaktapur,Female,D,1.0,31.666666666666668,95.0,fail,0
170,16.0,32.0,89.0,62.0,Lalitpur,Other,A,2.0,61.0,183.0,pass,1
171,17.0,22.0,88.0,66.0,Bhaktapur,Other,C,1.0,58.666666666666664,176.0,pass,1
172,15.0,84.0,93.0,3.0,Kathmandu,Male,B,0.0,60.0,180.0,pass,1
173,19.0,18.0,74.0,57.0,Kathmandu,Other,B,3.0,49.666666666666664,149.0,pass,1
174,15.0,18.0,6.0,24.0,Biratnagar,Other,C,4.0,16.0,48.0,fail,0
175,19.0,48.0,48.0,47.0,Bhaktapur,Other,C,4.5,47.666666666666664,143.0,pass,1
176,15.0,28.0,73.0,37.0,Bhaktapur,Other,A,4.0,46.0,138.0,pass,1
177,15.0,59.0,38.0,14.0,Pokhara,Male,D,0.0,37.0,111.0,fail,0
178,16.0,81.0,12.0,62.0,Pokhara,Female,B,2.0,51.666666666666664,155.0,pass,1
179,16.0,1.0,30.0,20.0,Biratnagar,Male,D,0.0,17.0,51.0,fail,0
180,20.0,0.0,70.0,98.0,Bhaktapur,Other,B,4.0,56.0,168.0,pass,1
181,21.0,46.0,62.0,56.0,Bhaktapur,Male,B,4.0,54.666666666666664,164.0,pass,1
182,19.0,68.0,55.0,52.0,Kathmandu,Other,D,5.0,58.333333333333336,175.0,pass,1
183,15.0,19.0,41.0,45.0,Bhaktapur,Female,C,7.0,35.0,105.0,fail,0
184,15.0,10.0,60.0,13.0,Lalitpur,Male,A,9.0,27.666666666666668,83.0,fail,0
185,17.0,1.0,41.0,99.0,Kathmandu,Female,B,0.0,47.0,141.0,pass,1
186,16.0,66.0,55.0,75.0,Lalitpur,Other,C,3.0,65.33333333333333,196.0,pass,1
187,19.0,86.0,35.0,16.0,Biratnagar,Other,B,9.0,45.666666666666664,137.0,pass,1
188,24.0,11.0,83.0,38.0,Pokhara,Female,A,0.0,44.0,132.0,pass,1
189,20.0,19.0,67.0,8.0,Biratnagar,Male,B,8.0,31.333333333333332,94.0,fail,0
190,21.0,4.0,6.0,98.0,Pokhara,Male,A,6.0,36.0,108.0,fail,0
191,18.0,36.0,53.0,76.0,Biratnagar,Other,A,6.0,55.0,165.0,pass,1
192,21.0,37.0,0.0,78.0,Bhaktapur,Female,B,4.0,38.333333333333336,115.0,fail,0
193,22.0,93.0,43.0,81.0,Lalitpur,Female,B,6.0,72.33333333333333,217.0,pass,1
194,15.0,8.0,44.0,96.0,Pokhara,Male,A,1.0,49.333333333333336,148.0,pass,1
195,20.0,97.0,46.0,5.0,Kathmandu,Male,C,3.0,49.333333333333336,148.0,pass,1
196,22.0,52.0,12.0,90.0,Lalitpur,Male,D,6.0,51.333333333333336,154.0,pass,1
197,19.0,43.0,21.0,22.0,Kathmandu,Female,A,2.0,28.666666666666668,86.0,fail,0
198,18.0,98.0,20.0,58.0,Lalitpur,Male,B,1.0,58.666666666666664,176.0,pass,1
199,19.0,48.0,48.0,47.0,Bhaktapur,Other,B,4.5,47.666666666666664,143.0,pass,1
200,20.0,23.0,91.0,97.0,Biratnagar,Other,C,1.0,70.33333333333333,211.0,pass,1
201,20.0,80.0,8.0,45.0,Pokhara,Male,D,0.0,44.333333333333336,133.0,pass,1
202,15.0,73.0,25.0,37.0,Pokhara,Male,A,4.0,45.0,135.0,pass,1
203,23.0,29.0,8.0,13.0,Lalitpur,Female,A,5.0,16.666666666666668,50.0,fail,0
204,20.0,58.0,14.0,99.0,Bhaktapur,Female,D,5.0,57.0,171.0,pass,1
205,17.0,86.0,9.0,71.0,Bhaktapur,Other,A,8.0,55.333333333333336,166.0,pass,1
206,18.0,95.0,87.0,61.0,Kathmandu,Male,D,3.0,81.0,243.0,pass,1
207,18.0,80.0,41.0,34.0,Kathmandu,Other,B,0.0,51.666666666666664,155.0,pass,1
208,17.0,80.0,71.0,18.0,Biratnagar,Female,D,5.0,56.333333333333336,169.0,pass,1
209,24.0,13.0,23.0,29.0,Lalitpur,Other,A,4.0,21.666666666666668,65.0,fail,0
210,19.0,48.0,48.0,47.0,Bhaktapur,Other,D,4.5,47.666666666666664,143.0,pass,1
211,19.0,48.0,48.0,47.0,Bhaktapur,Other,C,4.5,47.666666666666664,143.0,pass,1
212,18.0,65.0,25.0,24.0,Lalitpur,Other,B,2.0,38.0,114.0,fail,0
213,21.0,24.0,90.0,39.0,Biratnagar,Male,B,1.0,51.0,153.0,pass,1
214,18.0,72.0,36.0,87.0,Kathmandu,Other,D,5.0,65.0,195.0,pass,1
215,23.0,21.0,67.0,13.0,Biratnagar,Male,A,0.0,33.666666666666664,101.0,fail,0
216,15.0,3.0,49.0,25.0,Pokhara,Male,C,6.0,25.666666666666668,77.0,fail,0
217,22.0,25.0,23.0,86.0,Biratnagar,Male,B,6.0,44.666666666666664,134.0,pass,1
218,21.0,57.0,18.0,21.0,Bhaktapur,Male,B,9.0,32.0,96.0,fail,0
219,19.0,48.0,48.0,47.0,Bhaktapur,Other,A,4.5,47.666666666666664,143.0,pass,1
220,22.0,97.0,59.0,82.0,Biratnagar,Female,A,9.0,79.33333333333333,238.0,pass,1
221,15.0,86.0,38.0,50.0,Bhaktapur,Female,C,0.0,58.0,174.0,pass,1
222,19.0,48.0,48.0,47.0,Bhaktapur,Other,D,4.5,47.666666666666664,143.0,pass,1
223,23.0,74.0,88.0,41.0,Lalitpur,Other,A,6.0,67.66666666666667,203.0,pass,1
224,16.0,69.0,17.0,18.0,Bhaktapur,Male,D,8.0,34.666666666666664,104.0,fail,0
225,21.0,17.0,18.0,72.0,Bhaktapur,Female,C,4.0,35.666666666666664,107.0,fail,0
226,24.0,84.0,35.0,27.0,Biratnagar,Other,D,1.0,48.666666666666664,146.0,pass,1
227,17.0,41.0,73.0,83.0,Pokhara,Male,B,6.0,65.66666666666667,197.0,pass,1
228,21.0,99.0,96.0,44.0,Lalitpur,Female,D,9.0,79.66666666666667,239.0,pass,1
229,24.0,40.0,54.0,70.0,Biratnagar,Male,C,0.0,54.666666666666664,164.0,pass,1
230,23.0,37.0,68.0,77.0,Biratnagar,Female,C,6.0,60.666666666666664,182.0,pass,1
231,18.0,33.0,46.0,62.0,Pokhara,Female,C,5.0,47.0,141.0,pass,1
232,15.0,16.0,48.0,72.0,Lalitpur,Female,D,6.0,45.333333333333336,136.0,pass,1
233,16.0,36.0,98.0,18.0,Pokhara,Male,B,9.0,50.666666666666664,152.0,pass,1
234,15.0,24.0,97.0,46.0,Lalitpur,Other,A,2.0,55.666666666666664,167.0,pass,1
235,19.0,75.0,32.0,13.0,Pokhara,Male,B,2.0,40.0,120.0,pass,1
236,19.0,48.0,48.0,47.0,Bhaktapur,Other,D,4.5,47.666666666666664,143.0,pass,1
237,21.0,85.0,80.0,52.0,Biratnagar,Male,D,1.0,72.33333333333333,217.0,pass,1
238,23.0,84.0,21.0,60.0,Kathmandu,Other,A,0.0,55.0,165.0,pass,1
239,23.0,26.0,47.0,35.0,Bhaktapur,Male,D,8.0,36.0,108.0,fail,0
240,17.0,56.0,36.0,39.0,Pokhara,Other,C,8.0,43.666666666666664,131.0,pass,1
241,17.0,30.0,14.0,80.0,Kathmandu,Other,C,6.0,41.333333333333336,124.0,pass,1
242,17.0,5.0,34.0,29.0,Bhaktapur,Male,C,6.0,22.666666666666668,68.0,fail,0
243,18.0,90.0,91.0,8.0,Pokhara,Female,C,2.0,63.0,189.0,pass,1
244,22.0,39.0,70.0,63.0,Lalitpur,Other,C,9.0,57.333333333333336,172.0,pass,1
245,20.0,97.0,31.0,32.0,Bhaktapur,Male,D,1.0,53.333333333333336,160.0,pass,1
246,22.0,11.0,10.0,51.0,Biratnagar,Other,A,6.0,24.0,72.0,fail,0
247,15.0,52.0,9.0,88.0,Kathmandu,Female,A,8.0,49.666666666666664,149.0,pass,1
248,22.0,70.0,72.0,13.0,Bhaktapur,Male,C,0.0,51.666666666666664,155.0,pass,1
249,18.0,9.0,77.0,74.0,Bhaktapur,Male,D,3.0,53.333333333333336,160.0,pass,1
250,15.0,44.0,76.0,52.0,Biratnagar,Male,B,5.0,57.333333333333336,172.0,pass,1
251,22.0,16.0,56.0,98.0,Pokhara,Female,B,6.0,56.666666666666664,170.0,pass,1
252,18.0,25.0,24.0,58.0,Lalitpur,Other,D,9.0,35.666666666666664,107.0,fail,0
253,20.0,84.0,1.0,77.0,Biratnagar,Male,C,6.0,54.0,162.0,pass,1
254,22.0,91.0,63.0,93.0,Lalitpur,Other,A,9.0,82.33333333333333,247.0,pass,1
255,18.0,61.0,34.0,40.0,Pokhara,Other,D,1.0,45.0,135.0,pass,1
256,17.0,45.0,6.0,67.0,Bhaktapur,Female,B,3.0,39.333333333333336,118.0,fail,0
257,23.0,63.0,84.0,67.0,Lalitpur,Male,B,4.0,71.33333333333333,214.0,pass,1
258,17.0,1.0,17.0,91.0,Kathmandu,Other,B,0.0,36.333333333333336,109.0,fail,0
259,23.0,53.0,66.0,7.0,Kathmandu,Male,C,0.0,42.0,126.0,pass,1
260,16.0,64.0,41.0,1.0,Biratnagar,Male,B,9.0,35.333333333333336,106.0,fail,0
261,16.0,50.0,38.0,85.0,Pokhara,Female,D,2.0,57.666666666666664,173.0,pass,1
262,19.0,48.0,48.0,47.0,Bhaktapur,Other,D,4.5,47.666666666666664,143.0,pass,1
263,20.0,35.0,74.0,54.0,Biratnagar,Male,B,2.0,54.333333333333336,163.0,pass,1
264,17.0,25.0,23.0,15.0,Biratnagar,Other,D,7.0,21.0,63.0,fail,0
265,23.0,28.0,59.0,92.0,Kathmandu,Female,B,8.0,59.666666666666664,179.0,pass,1
266,18.0,20.0,45.0,61.0,Kathmandu,Male,B,0.0,42.0,126.0,pass,1
267,15.0,10.0,18.0,47.0,Biratnagar,Other,A,1.0,25.0,75.0,fail,0
268,18.0,39.0,67.0,29.0,Kathmandu,Female,C,9.0,45.0,135.0,pass,1
269,15.0,10.0,89.0,11.0,Pokhara,Female,C,1.0,36.666666666666664,110.0,fail,0
270,19.0,35.0,41.0,34.0,Biratnagar,Other,A,3.0,36.666666666666664,110.0,fail,0
271,18.0,58.0,31.0,10.0,Kathmandu,Other,A,1.0,33.0,99.0,fail,0
272,22.0,38.0,38.0,63.0,Lalitpur,Other,C,6.0,46.333333333333336,139.0,pass,1
273,22.0,98.0,35.0,49.0,Biratnagar,Other,B,8.0,60.666666666666664,182.0,pass,1
274,21.0,53.0,96.0,84.0,Biratnagar,Other,B,6.0,77.66666666666667,233.0,pass,1
275,17.0,97.0,35.0,20.0,Pokhara,Male,C,5.0,50.666666666666664,152.0,pass,1
276,19.0,48.0,48.0,47.0,Bhaktapur,Other,B,4.5,47.666666666666664,143.0,pass,1
277,15.0,23.0,72.0,47.0,Bhaktapur,Female,A,0.0,47.333333333333336,142.0,pass,1
278,19.0,48.0,48.0,47.0,Bhaktapur,Other,B,4.5,47.666666666666664,143.0,pass,1
279,20.0,68.0,96.0,66.0,Pokhara,Male,B,8.0,76.66666666666667,230.0,pass,1
280,21.0,55.0,69.0,43.0,Pokhara,Male,D,4.0,55.666666666666664,167.0,pass,1
281,19.0,48.0,48.0,47.0,Bhaktapur,Other,D,4.5,47.666666666666664,143.0,pass,1
282,20.0,35.0,67.0,72.0,Pokhara,Female,D,5.0,58.0,174.0,pass,1
283,20.0,19.0,12.0,60.0,Kathmandu,Female,B,8.0,30.333333333333332,91.0,fail,0
284,17.0,82.0,48.0,8.0,Biratnagar,Female,C,7.0,46.0,138.0,pass,1
285,20.0,98.0,59.0,67.0,Biratnagar,Female,A,7.0,74.66666666666667,224.0,pass,1
286,22.0,80.0,1.0,34.0,Lalitpur,Male,B,7.0,38.333333333333336,115.0,fail,0
287,16.0,61.0,59.0,80.0,Lalitpur,Male,C,0.0,66.66666666666667,200.0,pass,1
288,19.0,97.0,4.0,97.0,Biratnagar,Other,B,0.0,66.0,198.0,pass,1
289,15.0,72.0,43.0,87.0,Kathmandu,Female,A,7.0,67.33333333333333,202.0,pass,1
290,19.0,48.0,48.0,47.0,Bhaktapur,Other,B,4.5,47.666666666666664,143.0,pass,1
291,19.0,65.0,31.0,64.0,Bhaktapur,Male,A,8.0,53.333333333333336,160.0,pass,1
292,17.0,72.0,20.0,7.0,Kathmandu,Other,B,1.0,33.0,99.0,fail,0
293,19.0,48.0,48.0,47.0,Bhaktapur,Other,A,4.5,47.666666666666664,143.0,pass,1
294,17.0,39.0,71.0,86.0,Pokhara,Other,B,7.0,65.33333333333333,196.0,pass,1
295,15.0,16.0,49.0,46.0,Biratnagar,Male,A,8.0,37.0,111.0,fail,0
296,15.0,0.0,66.0,39.0,Biratnagar,Male,D,3.0,35.0,105.0,fail,0
297,19.0,48.0,48.0,47.0,Bhaktapur,Other,B,4.5,47.666666666666664,143.0,pass,1
298,20.0,60.0,57.0,53.0,Bhaktapur,Female,B,0.0,56.666666666666664,170.0,pass,1
299,17.0,42.0,2.0,75.0,Lalitpur,Other,C,4.0,39.666666666666664,119.0,fail,0
300,19.0,48.0,48.0,47.0,Bhaktapur,Other,C,4.5,47.666666666666664,143.0,pass,1
301,19.0,24.0,69.0,46.0,Bhaktapur,Other,A,7.0,46.333333333333336,139.0,pass,1
302,22.0,38.0,1.0,14.0,Lalitpur,Other,B,9.0,17.666666666666668,53.0,fail,0
303,15.0,34.0,86.0,18.0,Kathmandu,Male,A,4.0,46.0,138.0,pass,1
304,19.0,2.0,43.0,25.0,Kathmandu,Female,D,4.0,23.333333333333332,70.0,fail,0
305,17.0,43.0,1.0,51.0,Bhaktapur,Other,C,1.0,31.666666666666668,95.0,fail,0
306,15.0,50.0,80.0,92.0,Lalitpur,Female,A,6.0,74.0,222.0,pass,1
307,18.0,93.0,34.0,21.0,Kathmandu,Female,A,7.0,49.333333333333336,148.0,pass,1
308,19.0,48.0,48.0,47.0,Bhaktapur,Other,C,4.5,47.666666666666664,143.0,pass,1
309,21.0,11.0,86.0,50.0,Pokhara,Other,B,0.0,49.0,147.0,pass,1
310,15.0,18.0,29.0,37.0,Pokhara,Male,A,1.0,28.0,84.0,fail,0
311,17.0,43.0,7.0,19.0,Kathmandu,Other,C,9.0,23.0,69.0,fail,0
312,16.0,58.0,21.0,28.0,Bhaktapur,Female,B,3.0,35.666666666666664,107.0,fail,0
313,19.0,48.0,48.0,47.0,Bhaktapur,Other,D,4.5,47.666666666666664,143.0,pass,1
314,24.0,60.0,57.0,3.0,Biratnagar,Male,C,1.0,40.0,120.0,pass,1
315,20.0,16.0,35.0,54.0,Kathmandu,Other,A,0.0,35.0,105.0,fail,0
316,24.0,73.0,68.0,70.0,Kathmandu,Female,D,8.0,70.33333333333333,211.0,pass,1
317,17.0,56.0,76.0,91.0,Kathmandu,Male,B,0.0,74.33333333333333,223.0,pass,1
318,22.0,54.0,92.0,27.0,Bhaktapur,Female,B,3.0,57.666666666666664,173.0,pass,1
319,19.0,48.0,48.0,47.0,Bhaktapur,Other,C,4.5,47.666666666666664,143.0,pass,1
320,19.0,48.0,48.0,47.0,Bhaktapur,Other,C,4.5,47.666666666666664,143.0,pass,1
321,20.0,61.0,54.0,75.0,Kathmandu,Other,C,7.0,63.333333333333336,190.0,pass,1
322,21.0,79.0,79.0,44.0,Lalitpur,Female,B,7.0,67.33333333333333,202.0,pass,1
323,16.0,87.0,61.0,66.0,Bhaktapur,Other,D,8.0,71.33333333333333,214.0,pass,1
324,24.0,82.0,29.0,85.0,Kathmandu,Female,B,4.0,65.33333333333333,196.0,pass,1
325,16.0,7.0,54.0,65.0,Lalitpur,Other,A,6.0,42.0,126.0,pass,1
326,24.0,94.0,15.0,87.0,Biratnagar,Female,B,2.0,65.33333333333333,196.0,pass,1
327,15.0,20.0,11.0,33.0,Kathmandu,Other,A,9.0,21.333333333333332,64.0,fail,0
328,19.0,48.0,48.0,47.0,Bhaktapur,Other,D,4.5,47.666666666666664,143.0,pass,1
329,19.0,48.0,48.0,47.0,Bhaktapur,Other,C,4.5,47.666666666666664,143.0,pass,1
330,23.0,79.0,11.0,0.0,Bhaktapur,Female,C,8.0,30.0,90.0,fail,0
331,20.0,69.0,7.0,71.0,Kathmandu,Male,B,9.0,49.0,147.0,pass,1
332,21.0,71.0,83.0,86.0,Biratnagar,Other,C,9.0,80.0,240.0,pass,1
333,24.0,24.0,2.0,37.0,Kathmandu,Female,D,0.0,21.0,63.0,fail,0
334,21.0,81.0,15.0,5.0,Biratnagar,Female,C,1.0,33.666666666666664,101.0,fail,0
335,24.0,88.0,29.0,85.0,Pokhara,Other,B,4.0,67.33333333333333,202.0,pass,1
336,17.0,11.0,22.0,24.0,Pokhara,Male,D,2.0,19.0,57.0,fail,0
337,16.0,14.0,91.0,81.0,Biratnagar,Other,A,1.0,62.0,186.0,pass,1
338,23.0,58.0,4.0,16.0,Bhaktapur,Other,B,0.0,26.0,78.0,fail,0
339,22.0,25.0,83.0,60.0,Kathmandu,Other,A,9.0,56.0,168.0,pass,1
340,24.0,25.0,64.0,11.0,Kathmandu,Female,D,2.0,33.333333333333336,100.0,fail,0
341,21.0,46.0,29.0,5.0,Pokhara,Male,B,0.0,26.666666666666668,80.0,fail,0
342,23.0,31.0,20.0,89.0,Biratnagar,Male,B,0.0,46.666666666666664,140.0,pass,1
343,18.0,9.0,83.0,26.0,Kathmandu,Other,D,0.0,39.333333333333336,118.0,fail,0
344,18.0,15.0,69.0,7.0,Kathmandu,Female,C,7.0,30.333333333333332,91.0,fail,0
345,15.0,70.0,21.0,82.0,Bhaktapur,Other,B,2.0,57.666666666666664,173.0,pass,1
346,22.0,16.0,81.0,64.0,Lalitpur,Female,B,0.0,53.666666666666664,161.0,pass,1
347,19.0,48.0,48.0,47.0,Bhaktapur,Other,A,4.5,47.666666666666664,143.0,pass,1
348,21.0,25.0,31.0,92.0,Pokhara,Female,C,9.0,49.333333333333336,148.0,pass,1
349,16.0,84.0,32.0,98.0,Lalitpur,Female,A,2.0,71.33333333333333,214.0,pass,1
350,16.0,85.0,15.0,39.0,Kathmandu,Male,A,7.0,46.333333333333336,139.0,pass,1
351,21.0,6.0,75.0,13.0,Bhaktapur,Female,C,3.0,31.333333333333332,94.0,fail,0
352,20.0,13.0,37.0,34.0,Bhaktapur,Female,C,3.0,28.0,84.0,fail,0
353,17.0,78.0,97.0,47.0,Pokhara,Other,D,4.0,74.0,222.0,pass,1
354,23.0,6.0,13.0,83.0,Bhaktapur,Other,C,5.0,34.0,102.0,fail,0
355,24.0,8.0,35.0,55.0,Lalitpur,Male,B,6.0,32.666666666666664,98.0,fail,0
356,20.0,47.0,96.0,48.0,Kathmandu,Other,C,3.0,63.666666666666664,191.0,pass,1
357,24.0,71.0,22.0,12.0,Lalitpur,Female,D,7.0,35.0,105.0,fail,0
358,24.0,58.0,65.0,60.0,Biratnagar,Other,D,5.0,61.0,183.0,pass,1
359,20.0,86.0,84.0,48.0,Pokhara,Male,D,0.0,72.66666666666667,218.0,pass,1
360,15.0,92.0,1.0,45.0,Bhaktapur,Other,C,0.0,46.0,138.0,pass,1
361,18.0,81.0,90.0,61.0,Biratnagar,Other,C,8.0,77.33333333333333,232.0,pass,1
362,24.0,94.0,72.0,7.0,Bhaktapur,Male,A,9.0,57.666666666666664,173.0,pass,1
363,20.0,93.0,64.0,42.0,Kathmandu,Male,A,5.0,66.33333333333333,199.0,pass,1
364,20.0,38.0,74.0,19.0,Kathmandu,Female,B,9.0,43.666666666666664,131.0,pass,1
365,19.0,98.0,66.0,96.0,Kathmandu,Other,A,7.0,86.66666666666667,260.0,pass,1
366,15.0,17.0,51.0,89.0,Bhaktapur,Female,B,6.0,52.333333333333336,157.0,pass,1
367,22.0,58.0,61.0,38.0,Biratnagar,Other,D,5.0,52.333333333333336,157.0,pass,1
368,19.0,16.0,22.0,84.0,Kathmandu,Other,A,3.0,40.666666666666664,122.0,pass,1
369,19.0,13.0,25.0,48.0,Biratnagar,Female,C,6.0,28.666666666666668,86.0,fail,0
370,21.0,30.0,67.0,63.0,Bhaktapur,Other,A,8.0,53.333333333333336,160.0,pass,1
371,19.0,48.0,48.0,47.0,Bhaktapur,Other,B,4.5,47.666666666666664,143.0,pass,1
372,19.0,48.0,48.0,47.0,Bhaktapur,Other,A,4.5,47.666666666666664,143.0,pass,1
373,18.0,59.0,5.0,8.0,Bhaktapur,Male,D,6.0,24.0,72.0,fail,0
374,17.0,44.0,34.0,87.0,Pokhara,Female,C,0.0,55.0,165.0,pass,1
375,21.0,97.0,21.0,36.0,Bhaktapur,Male,B,9.0,51.333333333333336,154.0,pass,1
376,22.0,2.0,42.0,48.0,Bhaktapur,Female,C,8.0,30.666666666666668,92.0,fail,0
377,18.0,36.0,14.0,40.0,Lalitpur,Female,C,3.0,30.0,90.0,fail,0
378,16.0,42.0,85.0,16.0,Kathmandu,Other,B,2.0,47.666666666666664,143.0,pass,1
379,24.0,39.0,59.0,87.0,Pokhara,Female,C,3.0,61.666666666666664,185.0,pass,1
380,17.0,89.0,11.0,20.0,Pokhara,Male,C,3.0,40.0,120.0,pass,1
381,15.0,54.0,48.0,50.0,Pokhara,Male,A,9.0,50.666666666666664,152.0,pass,1
382,22.0,86.0,41.0,58.0,Lalitpur,Male,C,1.0,61.666666666666664,185.0,pass,1
383,19.0,48.0,48.0,47.0,Bhaktapur,Other,C,4.5,47.666666666666664,143.0,pass,1
384,24.0,14.0,81.0,54.0,Kathmandu,Male,C,9.0,49.666666666666664,149.0,pass,1
385,21.0,3.0,44.0,40.0,Biratnagar,Female,C,0.0,29.0,87.0,fail,0
386,24.0,92.0,34.0,38.0,Bhaktapur,Male,B,7.0,54.666666666666664,164.0,pass,1
387,19.0,85.0,29.0,12.0,Lalitpur,Male,D,1.0,42.0,126.0,pass,1
388,24.0,24.0,87.0,63.0,Bhaktapur,Female,A,9.0,58.0,174.0,pass,1
389,19.0,12.0,29.0,10.0,Bhaktapur,Male,C,4.0,17.0,51.0,fail,0
390,21.0,81.0,77.0,18.0,Lalitpur,Other,C,3.0,58.666666666666664,176.0,pass,1
391,23.0,32.0,5.0,10.0,Pokhara,Female,B,7.0,15.666666666666666,47.0,fail,0
392,19.0,15.0,66.0,76.0,Pokhara,Female,D,1.0,52.333333333333336,157.0,pass,1
393,15.0,41.0,79.0,45.0,Kathmandu,Female,C,9.0,55.0,165.0,pass,1
394,24.0,65.0,6.0,44.0,Kathmandu,Other,B,8.0,38.333333333333336,115.0,fail,0
395,24.0,54.0,51.0,0.0,Pokhara,Female,A,6.0,35.0,105.0,fail,0
396,15.0,98.0,13.0,39.0,Biratnagar,Male,A,6.0,50.0,150.0,pass,1
397,16.0,41.0,72.0,18.0,Bhaktapur,Male,C,0.0,43.666666666666664,131.0,pass,1
398,20.0,33.0,14.0,75.0,Biratnagar,Male,C,1.0,40.666666666666664,122.0,pass,1
399,23.0,29.0,20.0,71.0,Bhaktapur,Female,D,3.0,40.0,120.0,pass,1
400,22.0,12.0,34.0,71.0,Pokhara,Male,D,3.0,39.0,117.0,fail,0
401,19.0,12.0,65.0,60.0,Kathmandu,Female,C,2.0,45.666666666666664,137.0,pass,1
402,15.0,17.0,90.0,11.0,Kathmandu,Male,B,6.0,39.333333333333336,118.0,fail,0
403,21.0,31.0,1.0,60.0,Biratnagar,Other,D,7.0,30.666666666666668,92.0,fail,0
404,19.0,95.0,34.0,32.0,Kathmandu,Other,C,1.0,53.666666666666664,161.0,pass,1
405,20.0,98.0,81.0,44.0,Pokhara,Other,D,3.0,74.33333333333333,223.0,pass,1
406,21.0,38.0,77.0,89.0,Biratnagar,Other,C,2.0,68.0,204.0,pass,1
407,17.0,45.0,19.0,91.0,Bhaktapur,Female,A,1.0,51.666666666666664,155.0,pass,1
408,24.0,28.0,81.0,68.0,Kathmandu,Male,C,5.0,59.0,177.0,pass,1
409,17.0,61.0,9.0,7.0,Lalitpur,Other,A,3.0,25.666666666666668,77.0,fail,0
410,19.0,92.0,24.0,24.0,Kathmandu,Female,D,5.0,46.666666666666664,140.0,pass,1
411,20.0,61.0,65.0,90.0,Bhaktapur,Other,C,1.0,72.0,216.0,pass,1
412,19.0,48.0,48.0,47.0,Bhaktapur,Other,D,4.5,47.666666666666664,143.0,pass,1
413,19.0,15.0,53.0,86.0,Bhaktapur,Female,A,5.0,51.333333333333336,154.0,pass,1
414,15.0,55.0,32.0,29.0,Lalitpur,Female,C,4.0,38.666666666666664,116.0,fail,0
415,18.0,9.0,35.0,46.0,Pokhara,Male,D,2.0,30.0,90.0,fail,0
416,19.0,29.0,94.0,86.0,Kathmandu,Male,A,7.0,69.66666666666667,209.0,pass,1
417,24.0,24.0,13.0,48.0,Biratnagar,Other,D,6.0,28.333333333333332,85.0,fail,0
418,24.0,83.0,64.0,46.0,Pokhara,Other,B,2.0,64.33333333333333,193.0,pass,1
419,19.0,4.0,79.0,83.0,Bhaktapur,Male,A,5.0,55.333333333333336,166.0,pass,1
420,21.0,64.0,53.0,81.0,Biratnagar,Male,A,3.0,66.0,198.0,pass,1
421,18.0,93.0,51.0,17.0,Pokhara,Female,A,4.0,53.666666666666664,161.0,pass,1
422,15.0,48.0,2.0,65.0,Biratnagar,Male,C,4.0,38.333333333333336,115.0,fail,0
423,19.0,2.0,98.0,67.0,Lalitpur,Male,C,6.0,55.666666666666664,167.0,pass,1
424,21.0,44.0,40.0,93.0,Lalitpur,Other,C,4.0,59.0,177.0,pass,1
425,24.0,13.0,5.0,32.0,Kathmandu,Male,B,2.0,16.666666666666668,50.0,fail,0
426,24.0,29.0,24.0,35.0,Kathmandu,Other,B,9.0,29.333333333333332,88.0,fail,0
427,20.0,67.0,12.0,81.0,Lalitpur,Male,A,4.0,53.333333333333336,160.0,pass,1
428,19.0,17.0,97.0,18.0,Biratnagar,Female,B,6.0,44.0,132.0,pass,1
429,18.0,61.0,7.0,27.0,Lalitpur,Male,D,4.0,31.666666666666668,95.0,fail,0
430,16.0,36.0,20.0,39.0,Kathmandu,Male,A,4.0,31.666666666666668,95.0,fail,0
431,18.0,24.0,97.0,83.0,Lalitpur,Male,A,8.0,68.0,204.0,pass,1
432,24.0,47.0,67.0,96.0,Lalitpur,Other,D,2.0,70.0,210.0,pass,1
433,24.0,64.0,24.0,75.0,Biratnagar,Female,A,5.0,54.333333333333336,163.0,pass,1
434,17.0,52.0,78.0,14.0,Pokhara,Male,B,0.0,48.0,144.0,pass,1
435,24.0,78.0,67.0,40.0,Kathmandu,Other,C,9.0,61.666666666666664,185.0,pass,1
436,15.0,72.0,44.0,38.0,Biratnagar,Female,D,4.0,51.333333333333336,154.0,pass,1
437,19.0,48.0,48.0,47.0,Bhaktapur,Other,B,4.5,47.666666666666664,143.0,pass,1
438,19.0,48.0,11.0,62.0,Lalitpur,Other,D,4.0,40.333333333333336,121.0,pass,1
439,18.0,87.0,31.0,28.0,Pokhara,Female,D,8.0,48.666666666666664,146.0,pass,1
440,19.0,48.0,48.0,47.0,Bhaktapur,Other,A,4.5,47.666666666666664,143.0,pass,1
441,21.0,11.0,91.0,65.0,Kathmandu,Other,A,7.0,55.666666666666664,167.0,pass,1
442,16.0,58.0,12.0,50.0,Bhaktapur,Other,B,9.0,40.0,120.0,pass,1
443,15.0,36.0,30.0,74.0,Kathmandu,Male,D,7.0,46.666666666666664,140.0,pass,1
444,18.0,60.0,77.0,76.0,Pokhara,Male,A,2.0,71.0,213.0,pass,1
445,22.0,42.0,19.0,9.0,Bhaktapur,Female,A,6.0,23.333333333333332,70.0,fail,0
446,16.0,69.0,17.0,13.0,Bhaktapur,Female,D,6.0,33.0,99.0,fail,0
447,17.0,38.0,92.0,81.0,Lalitpur,Female,B,9.0,70.33333333333333,211.0,pass,1
448,15.0,55.0,59.0,50.0,Lalitpur,Male,B,5.0,54.666666666666664,164.0,pass,1
449,15.0,62.0,62.0,72.0,Kathmandu,Other,D,6.0,65.33333333333333,196.0,pass,1
450,17.0,45.0,5.0,38.0,Bhaktapur,Other,B,1.0,29.333333333333332,88.0,fail,0
451,19.0,87.0,31.0,27.0,Lalitpur,Female,A,8.0,48.333333333333336,145.0,pass,1
452,19.0,48.0,48.0,47.0,Bhaktapur,Other,D,4.5,47.666666666666664,143.0,pass,1
453,15.0,61.0,42.0,83.0,Lalitpur,Other,A,9.0,62.0,186.0,pass,1
454,15.0,76.0,1.0,69.0,Lalitpur,Female,C,0.0,48.666666666666664,146.0,pass,1
455,22.0,97.0,59.0,26.0,Bhaktapur,Other,C,0.0,60.666666666666664,182.0,pass,1
456,24.0,24.0,22.0,1.0,Bhaktapur,Other,B,2.0,15.666666666666666,47.0,fail,0
457,16.0,70.0,82.0,92.0,Biratnagar,Male,C,2.0,81.33333333333333,244.0,pass,1
458,17.0,51.0,30.0,37.0,Pokhara,Male,A,0.0,39.333333333333336,118.0,fail,0
459,16.0,3.0,4.0,2.0,Bhaktapur,Other,C,6.0,3.0,9.0,fail,0
460,17.0,58.0,82.0,15.0,Kathmandu,Female,A,3.0,51.666666666666664,155.0,pass,1
461,21.0,71.0,33.0,93.0,Pokhara,Male,B,9.0,65.66666666666667,197.0,pass,1
462,15.0,19.0,9.0,39.0,Pokhara,Other,B,1.0,22.333333333333332,67.0,fail,0
463,24.0,92.0,88.0,1.0,Bhaktapur,Male,A,9.0,60.333333333333336,181.0,pass,1
464,22.0,62.0,1.0,80.0,Pokhara,Male,C,4.0,47.666666666666664,143.0,pass,1
465,24.0,53.0,10.0,40.0,Bhaktapur,Male,B,5.0,34.333333333333336,103.0,fail,0
466,24.0,73.0,49.0,11.0,Lalitpur,Other,D,8.0,44.333333333333336,133.0,pass,1
467,24.0,97.0,30.0,34.0,Biratnagar,Female,B,3.0,53.666666666666664,161.0,pass,1
468,16.0,56.0,55.0,64.0,Lalitpur,Female,C,1.0,58.333333333333336,175.0,pass,1
469,17.0,89.0,78.0,54.0,Bhaktapur,Female,D,4.0,73.66666666666667,221.0,pass,1
470,23.0,40.0,72.0,44.0,Bhaktapur,Male,C,2.0,52.0,156.0,pass,1
471,21.0,2.0,86.0,78.0,Lalitpur,Other,A,1.0,55.333333333333336,166.0,pass,1
472,18.0,5.0,82.0,89.0,Kathmandu,Male,D,0.0,58.666666666666664,176.0,pass,1
473,24.0,4.0,8.0,84.0,Kathmandu,Female,C,9.0,32.0,96.0,fail,0
474,19.0,4.0,98.0,61.0,Kathmandu,Female,D,1.0,54.333333333333336,163.0,pass,1
475,16.0,53.0,20.0,48.0,Bhaktapur,Other,C,5.0,40.333333333333336,121.0,pass,1
476,22.0,46.0,72.0,94.0,Pokhara,Male,D,7.0,70.66666666666667,212.0,pass,1
477,18.0,86.0,27.0,24.0,Bhaktapur,Female,C,2.0,45.666666666666664,137.0,pass,1
478,23.0,48.0,61.0,22.0,Pokhara,Other,A,8.0,43.666666666666664,131.0,pass,1
479,19.0,8.0,6.0,23.0,Lalitpur,Male,D,8.0,12.333333333333334,37.0,fail,0
480,23.0,98.0,79.0,37.0,Biratnagar,Male,D,1.0,71.33333333333333,214.0,pass,1
481,18.0,19.0,15.0,27.0,Pokhara,Female,D,7.0,20.333333333333332,61.0,fail,0
482,24.0,60.0,96.0,20.0,Kathmandu,Female,D,9.0,58.666666666666664,176.0,pass,1
483,19.0,34.0,3.0,53.0,Bhaktapur,Male,A,4.0,30.0,90.0,fail,0
484,23.0,49.0,3.0,17.0,Lalitpur,Male,D,3.0,23.0,69.0,fail,0
485,22.0,81.0,39.0,35.0,Kathmandu,Female,B,9.0,51.666666666666664,155.0,pass,1
486,17.0,61.0,16.0,98.0,Lalitpur,Male,A,4.0,58.333333333333336,175.0,pass,1
487,15.0,16.0,51.0,44.0,Biratnagar,Female,B,3.0,37.0,111.0,fail,0
488,17.0,87.0,92.0,72.0,Bhaktapur,Male,D,7.0,83.66666666666667,251.0,pass,1
489,18.0,2.0,51.0,52.0,Bhaktapur,Female,C,3.0,35.0,105.0,fail,0
490,16.0,31.0,35.0,29.0,Biratnagar,Other,B,9.0,31.666666666666668,95.0,fail,0
491,15.0,98.0,37.0,59.0,Bhaktapur,Female,D,5.0,64.66666666666667,194.0,pass,1
492,21.0,12.0,49.0,97.0,Pokhara,Female,B,1.0,52.666666666666664,158.0,pass,1
493,22.0,88.0,62.0,31.0,Lalitpur,Other,D,4.0,60.333333333333336,181.0,pass,1
494,19.0,48.0,48.0,47.0,Bhaktapur,Other,D,4.5,47.666666666666664,143.0,pass,1
495,19.0,67.0,61.0,66.0,Biratnagar,Other,D,4.0,64.66666666666667,194.0,pass,1
496,15.0,13.0,98.0,27.0,Pokhara,Female,C,1.0,46.0,138.0,pass,1
497,21.0,97.0,6.0,43.0,Kathmandu,Male,B,6.0,48.666666666666664,146.0,pass,1
498,21.0,10.0,26.0,78.0,Kathmandu,Other,A,3.0,38.0,114.0,fail,0
499,23.0,55.0,91.0,40.0,Biratnagar,Male,A,7.0,62.0,186.0,pass,1
500,19.0,48.0,48.0,47.0,Bhaktapur,Other,A,4.5,47.666666666666664,143.0,pass,1
501,23.0,91.0,13.0,22.0,Kathmandu,Other,A,6.0,42.0,126.0,pass,1
502,15.0,28.0,70.0,74.0,Kathmandu,Male,D,8.0,57.333333333333336,172.0,pass,1
503,15.0,8.0,85.0,47.0,Pokhara,Other,B,0.0,46.666666666666664,140.0,pass,1
504,18.0,66.0,4.0,31.0,Bhaktapur,Female,B,9.0,33.666666666666664,101.0,fail,0
505,23.0,24.0,54.0,56.0,Kathmandu,Male,C,5.0,44.666666666666664,134.0,pass,1
506,20.0,97.0,1.0,99.0,Lalitpur,Female,B,5.0,65.66666666666667,197.0,pass,1
507,17.0,75.0,61.0,32.0,Pokhara,Female,B,5.0,56.0,168.0,pass,1
508,15.0,41.0,90.0,23.0,Kathmandu,Male,B,5.0,51.333333333333336,154.0,pass,1
509,18.0,8.0,20.0,38.0,Biratnagar,Other,C,9.0,22.0,66.0,fail,0
510,23.0,78.0,78.0,33.0,Lalitpur,Male,A,6.0,63.0,189.0,pass,1
511,17.0,39.0,20.0,55.0,Kathmandu,Female,B,9.0,38.0,114.0,fail,0
512,23.0,24.0,9.0,27.0,Lalitpur,Female,C,5.0,20.0,60.0,fail,0
513,21.0,4.0,86.0,36.0,Lalitpur,Other,C,0.0,42.0,126.0,pass,1
514,19.0,48.0,48.0,47.0,Bhaktapur,Other,D,4.5,47.666666666666664,143.0,pass,1
515,17.0,58.0,38.0,67.0,Lalitpur,Female,C,1.0,54.333333333333336,163.0,pass,1
516,24.0,97.0,4.0,36.0,Bhaktapur,Female,A,5.0,45.666666666666664,137.0,pass,1
517,19.0,87.0,64.0,55.0,Pokhara,Female,B,7.0,68.66666666666667,206.0,pass,1
518,19.0,78.0,12.0,64.0,Bhaktapur,Other,C,2.0,51.333333333333336,154.0,pass,1
519,17.0,37.0,84.0,64.0,Biratnagar,Female,A,9.0,61.666666666666664,185.0,pass,1
520,23.0,71.0,89.0,46.0,Kathmandu,Female,C,7.0,68.66666666666667,206.0,pass,1
521,18.0,4.0,84.0,19.0,Pokhara,Male,C,7.0,35.666666666666664,107.0,fail,0
522,19.0,48.0,48.0,47.0,Bhaktapur,Other,C,4.5,47.666666666666664,143.0,pass,1
523,19.0,48.0,48.0,47.0,Bhaktapur,Other,C,4.5,47.666666666666664,143.0,pass,1
524,19.0,17.0,44.0,73.0,Bhaktapur,Female,C,5.0,44.666666666666664,134.0,pass,1
525,21.0,69.0,31.0,59.0,Kathmandu,Male,A,4.0,53.0,159.0,pass,1
526,23.0,36.0,35.0,17.0,Bhaktapur,Other,B,8.0,29.333333333333332,88.0,fail,0
527,21.0,59.0,80.0,91.0,Lalitpur,Other,B,6.0,76.66666666666667,230.0,pass,1
528,19.0,48.0,48.0,47.0,Bhaktapur,Other,B,4.5,47.666666666666664,143.0,pass,1
529,24.0,76.0,59.0,42.0,Pokhara,Other,B,0.0,59.0,177.0,pass,1
530,24.0,27.0,10.0,94.0,Kathmandu,Other,A,1.0,43.666666666666664,131.0,pass,1
531,21.0,68.0,62.0,90.0,Bhaktapur,Other,D,7.0,73.33333333333333,220.0,pass,1
532,24.0,76.0,20.0,10.0,Kathmandu,Other,D,8.0,35.333333333333336,106.0,fail,0
533,19.0,80.0,51.0,48.0,Kathmandu,Other,A,3.0,59.666666666666664,179.0,pass,1
534,17.0,39.0,54.0,37.0,Lalitpur,Male,A,9.0,43.333333333333336,130.0,pass,1
535,21.0,44.0,25.0,63.0,Lalitpur,Other,C,9.0,44.0,132.0,pass,1
536,16.0,95.0,67.0,68.0,Pokhara,Other,C,8.0,76.66666666666667,230.0,pass,1
537,23.0,61.0,33.0,7.0,Biratnagar,Other,C,3.0,33.666666666666664,101.0,fail,0
538,24.0,92.0,51.0,33.0,Kathmandu,Female,B,9.0,58.666666666666664,176.0,pass,1
539,24.0,57.0,81.0,47.0,Biratnagar,Male,C,9.0,61.666666666666664,185.0,pass,1
540,15.0,66.0,98.0,55.0,Pokhara,Male,D,9.0,73.0,219.0,pass,1
541,20.0,55.0,92.0,75.0,Kathmandu,Male,B,8.0,74.0,222.0,pass,1
542,21.0,39.0,51.0,64.0,Kathmandu,Other,C,6.0,51.333333333333336,154.0,pass,1
543,19.0,48.0,48.0,47.0,Bhaktapur,Other,B,4.5,47.666666666666664,143.0,pass,1
544,19.0,48.0,48.0,47.0,Bhaktapur,Other,D,4.5,47.666666666666664,143.0,pass,1
545,23.0,90.0,41.0,49.0,Lalitpur,Male,C,3.0,60.0,180.0,pass,1
546,16.0,76.0,20.0,68.0,Bhaktapur,Other,D,7.0,54.666666666666664,164.0,pass,1
547,24.0,32.0,41.0,29.0,Biratnagar,Male,D,6.0,34.0,102.0,fail,0
548,16.0,5.0,12.0,87.0,Lalitpur,Female,D,6.0,34.666666666666664,104.0,fail,0
549,19.0,48.0,48.0,47.0,Bhaktapur,Other,C,4.5,47.666666666666664,143.0,pass,1
550,19.0,48.0,48.0,47.0,Bhaktapur,Other,A,4.5,47.666666666666664,143.0,pass,1
551,20.0,79.0,8.0,74.0,Kathmandu,Male,C,4.0,53.666666666666664,161.0,pass,1
552,17.0,39.0,40.0,44.0,Bhaktapur,Other,D,1.0,41.0,123.0,pass,1
553,22.0,91.0,0.0,3.0,Lalitpur,Other,C,1.0,31.333333333333332,94.0,fail,0
554,15.0,96.0,1.0,25.0,Lalitpur,Female,D,0.0,40.666666666666664,122.0,pass,1
555,20.0,58.0,59.0,26.0,Lalitpur,Other,A,4.0,47.666666666666664,143.0,pass,1
556,18.0,58.0,47.0,45.0,Bhaktapur,Female,B,1.0,50.0,150.0,pass,1
557,15.0,47.0,28.0,63.0,Pokhara,Male,A,3.0,46.0,138.0,pass,1
558,21.0,40.0,96.0,90.0,Bhaktapur,Female,A,2.0,75.33333333333333,226.0,pass,1
559,23.0,12.0,9.0,50.0,Biratnagar,Male,B,2.0,23.666666666666668,71.0,fail,0
560,18.0,44.0,57.0,49.0,Bhaktapur,Female,C,1.0,50.0,150.0,pass,1
561,18.0,88.0,59.0,5.0,Lalitpur,Other,B,5.0,50.666666666666664,152.0,pass,1
562,20.0,52.0,20.0,58.0,Kathmandu,Other,C,1.0,43.333333333333336,130.0,pass,1
563,17.0,41.0,27.0,14.0,Bhaktapur,Female,C,7.0,27.333333333333332,82.0,fail,0
564,20.0,99.0,74.0,29.0,Bhaktapur,Other,D,7.0,67.33333333333333,202.0,pass,1
565,21.0,62.0,33.0,41.0,Lalitpur,Other,D,4.0,45.333333333333336,136.0,pass,1
566,24.0,26.0,7.0,36.0,Kathmandu,Other,B,9.0,23.0,69.0,fail,0
567,24.0,37.0,58.0,41.0,Kathmandu,Male,A,6.0,45.333333333333336,136.0,pass,1
568,17.0,59.0,85.0,34.0,Biratnagar,Other,B,3.0,59.333333333333336,178.0,pass,1
569,21.0,6.0,71.0,86.0,Bhaktapur,Male,C,0.0,54.333333333333336,163.0,pass,1
570,17.0,4.0,48.0,5.0,Kathmandu,Female,D,1.0,19.0,57.0,fail,0
571,19.0,48.0,48.0,47.0,Bhaktapur,Other,B,4.5,47.666666666666664,143.0,pass,1
572,24.0,57.0,16.0,17.0,Pokhara,Other,B,9.0,30.0,90.0,fail,0
573,18.0,30.0,59.0,72.0,Pokhara,Other,D,3.0,53.666666666666664,161.0,pass,1
574,22.0,22.0,86.0,28.0,Kathmandu,Female,D,0.0,45.333333333333336,136.0,pass,1
575,23.0,41.0,87.0,76.0,Biratnagar,Male,D,7.0,68.0,204.0,pass,1
576,21.0,9.0,44.0,58.0,Kathmandu,Male,C,8.0,37.0,111.0,fail,0
577,15.0,31.0,82.0,46.0,Lalitpur,Other,D,3.0,53.0,159.0,pass,1
578,17.0,52.0,68.0,16.0,Bhaktapur,Female,A,9.0,45.333333333333336,136.0,pass,1
579,19.0,48.0,48.0,47.0,Bhaktapur,Other,B,4.5,47.666666666666664,143.0,pass,1
580,15.0,38.0,43.0,21.0,Lalitpur,Female,D,1.0,34.0,102.0,fail,0
581,23.0,30.0,64.0,67.0,Biratnagar,Female,D,4.0,53.666666666666664,161.0,pass,1
582,22.0,81.0,86.0,68.0,Lalitpur,Female,C,2.0,78.33333333333333,235.0,pass,1
583,15.0,99.0,7.0,36.0,Bhaktapur,Male,C,9.0,47.333333333333336,142.0,pass,1
584,20.0,1.0,76.0,48.0,Bhaktapur,Male,B,6.0,41.666666666666664,125.0,pass,1
585,19.0,48.0,48.0,47.0,Bhaktapur,Other,A,4.5,47.666666666666664,143.0,pass,1
586,20.0,76.0,86.0,33.0,Lalitpur,Other,B,0.0,65.0,195.0,pass,1
587,24.0,92.0,42.0,85.0,Pokhara,Female,D,7.0,73.0,219.0,pass,1
588,19.0,11.0,0.0,52.0,Lalitpur,Other,A,1.0,21.0,63.0,fail,0
589,20.0,38.0,50.0,86.0,Pokhara,Female,A,4.0,58.0,174.0,pass,1
590,19.0,48.0,48.0,47.0,Bhaktapur,Other,A,4.5,47.666666666666664,143.0,pass,1
591,19.0,48.0,48.0,47.0,Bhaktapur,Other,A,4.5,47.666666666666664,143.0,pass,1
592,18.0,12.0,23.0,41.0,Pokhara,Male,B,1.0,25.333333333333332,76.0,fail,0
593,17.0,45.0,16.0,97.0,Lalitpur,Female,C,8.0,52.666666666666664,158.0,pass,1
594,17.0,26.0,4.0,31.0,Lalitpur,Female,C,4.0,20.333333333333332,61.0,fail,0
595,18.0,16.0,19.0,50.0,Bhaktapur,Female,D,9.0,28.333333333333332,85.0,fail,0
596,23.0,94.0,20.0,84.0,Lalitpur,Male,C,5.0,66.0,198.0,pass,1
597,16.0,97.0,57.0,45.0,Kathmandu,Female,C,2.0,66.33333333333333,199.0,pass,1
598,23.0,59.0,30.0,20.0,Biratnagar,Male,C,2.0,36.333333333333336,109.0,fail,0
599,15.0,63.0,99.0,43.0,Pokhara,Other,C,9.0,68.33333333333333,205.0,pass,1
600,15.0,87.0,10.0,10.0,Biratnagar,Female,D,7.0,35.666666666666664,107.0,fail,0
601,19.0,34.0,51.0,67.0,Bhaktapur,Female,B,9.0,50.666666666666664,152.0,pass,1
602,19.0,48.0,48.0,47.0,Bhaktapur,Other,A,4.5,47.666666666666664,143.0,pass,1
603,20.0,82.0,82.0,91.0,Pokhara,Other,C,1.0,85.0,255.0,pass,1
604,17.0,29.0,6.0,62.0,Kathmandu,Female,B,1.0,32.333333333333336,97.0,fail,0
605,19.0,48.0,48.0,47.0,Bhaktapur,Other,C,4.5,47.666666666666664,143.0,pass,1
606,23.0,73.0,50.0,98.0,Lalitpur,Male,C,5.0,73.66666666666667,221.0,pass,1
607,24.0,95.0,57.0,12.0,Kathmandu,Female,A,1.0,54.666666666666664,164.0,pass,1
608,22.0,97.0,4.0,97.0,Kathmandu,Female,A,4.0,66.0,198.0,pass,1
609,20.0,62.0,4.0,10.0,Biratnagar,Other,A,6.0,25.333333333333332,76.0,fail,0
610,22.0,27.0,93.0,99.0,Biratnagar,Other,C,9.0,73.0,219.0,pass,1
611,19.0,59.0,95.0,50.0,Biratnagar,Other,C,9.0,68.0,204.0,pass,1
612,22.0,78.0,7.0,16.0,Kathmandu,Female,C,7.0,33.666666666666664,101.0,fail,0
613,24.0,93.0,63.0,98.0,Lalitpur,Other,A,6.0,84.66666666666667,254.0,pass,1
614,18.0,36.0,9.0,81.0,Pokhara,Other,D,7.0,42.0,126.0,pass,1
615,24.0,92.0,37.0,85.0,Biratnagar,Male,B,8.0,71.33333333333333,214.0,pass,1
616,22.0,21.0,95.0,23.0,Lalitpur,Other,D,4.0,46.333333333333336,139.0,pass,1
617,24.0,67.0,91.0,18.0,Bhaktapur,Male,C,4.0,58.666666666666664,176.0,pass,1
618,19.0,48.0,48.0,47.0,Bhaktapur,Other,C,4.5,47.666666666666664,143.0,pass,1
619,19.0,95.0,94.0,84.0,Pokhara,Other,D,3.0,91.0,273.0,pass,1
620,23.0,99.0,7.0,7.0,Bhaktapur,Male,C,8.0,37.666666666666664,113.0,fail,0
621,18.0,67.0,24.0,27.0,Bhaktapur,Female,B,4.0,39.333333333333336,118.0,fail,0
622,19.0,48.0,48.0,47.0,Bhaktapur,Other,C,4.5,47.666666666666664,143.0,pass,1
623,15.0,63.0,65.0,16.0,Biratnagar,Other,B,9.0,48.0,144.0,pass,1
624,23.0,16.0,78.0,35.0,Kathmandu,Female,D,7.0,43.0,129.0,pass,1
625,15.0,11.0,49.0,18.0,Pokhara,Male,D,6.0,26.0,78.0,fail,0
626,19.0,21.0,66.0,63.0,Pokhara,Female,C,7.0,50.0,150.0,pass,1
627,19.0,48.0,48.0,47.0,Bhaktapur,Other,B,4.5,47.666666666666664,143.0,pass,1
628,17.0,9.0,35.0,97.0,Bhaktapur,Other,C,3.0,47.0,141.0,pass,1
629,20.0,64.0,67.0,10.0,Lalitpur,Male,A,4.0,47.0,141.0,pass,1
630,16.0,21.0,77.0,53.0,Kathmandu,Other,A,5.0,50.333333333333336,151.0,pass,1
631,17.0,89.0,40.0,44.0,Biratnagar,Female,A,0.0,57.666666666666664,173.0,pass,1
632,19.0,81.0,88.0,46.0,Biratnagar,Other,A,3.0,71.66666666666667,215.0,pass,1
633,23.0,49.0,61.0,11.0,Lalitpur,Male,C,9.0,40.333333333333336,121.0,pass,1
634,16.0,13.0,9.0,20.0,Pokhara,Other,A,4.0,14.0,42.0,fail,0
635,24.0,63.0,20.0,10.0,Kathmandu,Female,B,6.0,31.0,93.0,fail,0
636,22.0,46.0,35.0,91.0,Biratnagar,Male,D,4.0,57.333333333333336,172.0,pass,1
637,19.0,48.0,48.0,47.0,Bhaktapur,Other,D,4.5,47.666666666666664,143.0,pass,1
638,19.0,75.0,90.0,80.0,Pokhara,Male,A,6.0,81.66666666666667,245.0,pass,1
639,21.0,35.0,1.0,55.0,Lalitpur,Other,A,7.0,30.333333333333332,91.0,fail,0
640,22.0,98.0,12.0,19.0,Kathmandu,Male,A,6.0,43.0,129.0,pass,1
641,15.0,51.0,52.0,40.0,Lalitpur,Male,C,3.0,47.666666666666664,143.0,pass,1
642,20.0,75.0,31.0,45.0,Lalitpur,Other,D,7.0,50.333333333333336,151.0,pass,1
643,15.0,6.0,94.0,11.0,Kathmandu,Female,A,4.0,37.0,111.0,fail,0
644,16.0,28.0,15.0,69.0,Kathmandu,Other,B,9.0,37.333333333333336,112.0,fail,0
645,15.0,10.0,31.0,16.0,Biratnagar,Male,A,8.0,19.0,57.0,fail,0
646,19.0,32.0,31.0,18.0,Biratnagar,Other,D,9.0,27.0,81.0,fail,0
647,24.0,5.0,97.0,25.0,Kathmandu,Male,A,4.0,42.333333333333336,127.0,pass,1
648,23.0,78.0,10.0,47.0,Bhaktapur,Other,D,0.0,45.0,135.0,pass,1
649,20.0,31.0,9.0,51.0,Biratnagar,Other,A,8.0,30.333333333333332,91.0,fail,0
650,15.0,50.0,14.0,95.0,Bhaktapur,Female,B,4.0,53.0,159.0,pass,1
651,15.0,74.0,16.0,69.0,Kathmandu,Male,A,5.0,53.0,159.0,pass,1
652,16.0,57.0,39.0,54.0,Biratnagar,Female,B,3.0,50.0,150.0,pass,1
653,19.0,48.0,48.0,47.0,Bhaktapur,Other,B,4.5,47.666666666666664,143.0,pass,1
654,17.0,25.0,54.0,74.0,Kathmandu,Other,A,7.0,51.0,153.0,pass,1
655,15.0,97.0,72.0,32.0,Pokhara,Male,B,2.0,67.0,201.0,pass,1
656,19.0,45.0,24.0,61.0,Bhaktapur,Female,C,4.0,43.333333333333336,130.0,pass,1
657,21.0,97.0,58.0,87.0,Kathmandu,Female,A,1.0,80.66666666666667,242.0,pass,1
658,20.0,28.0,77.0,22.0,Kathmandu,Female,A,1.0,42.333333333333336,127.0,pass,1
659,15.0,3.0,88.0,14.0,Biratnagar,Male,B,6.0,35.0,105.0,fail,0
660,19.0,80.0,21.0,26.0,Biratnagar,Female,B,9.0,42.333333333333336,127.0,pass,1
661,19.0,48.0,48.0,47.0,Bhaktapur,Other,A,4.5,47.666666666666664,143.0,pass,1
662,20.0,12.0,83.0,63.0,Pokhara,Female,C,9.0,52.666666666666664,158.0,pass,1
663,19.0,48.0,48.0,47.0,Bhaktapur,Other,B,4.5,47.666666666666664,143.0,pass,1
664,19.0,14.0,43.0,50.0,Kathmandu,Other,B,3.0,35.666666666666664,107.0,fail,0
665,21.0,28.0,31.0,52.0,Biratnagar,Male,D,4.0,37.0,111.0,fail,0
666,19.0,28.0,50.0,77.0,Lalitpur,Male,C,0.0,51.666666666666664,155.0,pass,1
667,19.0,74.0,45.0,90.0,Biratnagar,Female,C,6.0,69.66666666666667,209.0,pass,1
668,19.0,31.0,20.0,81.0,Pokhara,Other,A,7.0,44.0,132.0,pass,1
669,24.0,1.0,98.0,91.0,Lalitpur,Female,C,8.0,63.333333333333336,190.0,pass,1
670,24.0,46.0,31.0,50.0,Kathmandu,Female,A,7.0,42.333333333333336,127.0,pass,1
671,17.0,77.0,93.0,46.0,Kathmandu,Other,D,4.0,72.0,216.0,pass,1
672,15.0,83.0,38.0,3.0,Bhaktapur,Other,C,2.0,41.333333333333336,124.0,pass,1
673,19.0,21.0,11.0,6.0,Lalitpur,Other,B,9.0,12.666666666666666,38.0,fail,0
674,23.0,74.0,46.0,34.0,Bhaktapur,Male,D,8.0,51.333333333333336,154.0,pass,1
675,15.0,26.0,17.0,47.0,Lalitpur,Male,A,5.0,30.0,90.0,fail,0
676,17.0,66.0,20.0,72.0,Lalitpur,Female,D,4.0,52.666666666666664,158.0,pass,1
677,18.0,80.0,12.0,71.0,Pokhara,Male,A,2.0,54.333333333333336,163.0,pass,1
678,15.0,55.0,20.0,44.0,Bhaktapur,Other,D,5.0,39.666666666666664,119.0,fail,0
679,19.0,48.0,48.0,47.0,Bhaktapur,Other,A,4.5,47.666666666666664,143.0,pass,1
680,19.0,48.0,48.0,47.0,Bhaktapur,Other,C,4.5,47.666666666666664,143.0,pass,1
681,16.0,20.0,6.0,96.0,Kathmandu,Female,B,5.0,40.666666666666664,122.0,pass,1
682,22.0,46.0,22.0,95.0,Lalitpur,Female,A,3.0,54.333333333333336,163.0,pass,1
683,21.0,79.0,95.0,71.0,Pokhara,Male,D,1.0,81.66666666666667,245.0,pass,1
684,24.0,58.0,74.0,18.0,Bhaktapur,Female,A,7.0,50.0,150.0,pass,1
685,24.0,83.0,85.0,62.0,Bhaktapur,Female,A,3.0,76.66666666666667,230.0,pass,1
686,16.0,5.0,21.0,37.0,Pokhara,Female,A,8.0,21.0,63.0,fail,0
687,20.0,18.0,88.0,66.0,Bhaktapur,Other,D,6.0,57.333333333333336,172.0,pass,1
688,19.0,48.0,48.0,47.0,Bhaktapur,Other,B,4.5,47.666666666666664,143.0,pass,1
689,17.0,68.0,91.0,68.0,Kathmandu,Male,C,3.0,75.66666666666667,227.0,pass,1
690,16.0,2.0,28.0,12.0,Kathmandu,Other,B,4.0,14.0,42.0,fail,0
691,15.0,0.0,12.0,46.0,Kathmandu,Female,A,2.0,19.333333333333332,58.0,fail,0
692,20.0,57.0,81.0,60.0,Bhaktapur,Other,D,8.0,66.0,198.0,pass,1
693,19.0,48.0,48.0,47.0,Bhaktapur,Other,B,4.5,47.666666666666664,143.0,pass,1
694,23.0,14.0,28.0,79.0,Lalitpur,Other,A,1.0,40.333333333333336,121.0,pass,1
695,15.0,33.0,84.0,95.0,Lalitpur,Female,C,2.0,70.66666666666667,212.0,pass,1
696,21.0,60.0,78.0,21.0,Kathmandu,Female,C,8.0,53.0,159.0,pass,1
697,19.0,34.0,51.0,92.0,Biratnagar,Male,C,6.0,59.0,177.0,pass,1
698,19.0,63.0,26.0,85.0,Lalitpur,Other,A,1.0,58.0,174.0,pass,1
699,16.0,24.0,49.0,42.0,Lalitpur,Other,D,8.0,38.333333333333336,115.0,fail,0
700,17.0,23.0,94.0,66.0,Bhaktapur,Other,B,3.0,61.0,183.0,pass,1
701,21.0,11.0,78.0,53.0,Biratnagar,Female,C,8.0,47.333333333333336,142.0,pass,1
702,20.0,17.0,22.0,9.0,Kathmandu,Male,A,1.0,16.0,48.0,fail,0
703,16.0,14.0,87.0,41.0,Lalitpur,Other,A,9.0,47.333333333333336,142.0,pass,1
704,20.0,79.0,43.0,63.0,Biratnagar,Female,B,3.0,61.666666666666664,185.0,pass,1
705,16.0,26.0,76.0,20.0,Biratnagar,Female,C,4.0,40.666666666666664,122.0,pass,1
706,16.0,71.0,21.0,79.0,Kathmandu,Female,A,1.0,57.0,171.0,pass,1
707,16.0,59.0,42.0,75.0,Biratnagar,Other,B,9.0,58.666666666666664,176.0,pass,1
708,17.0,45.0,36.0,65.0,Biratnagar,Other,D,0.0,48.666666666666664,146.0,pass,1
709,16.0,88.0,60.0,40.0,Biratnagar,Other,D,6.0,62.666666666666664,188.0,pass,1
710,18.0,16.0,96.0,23.0,Lalitpur,Other,D,9.0,45.0,135.0,pass,1
711,23.0,92.0,55.0,34.0,Kathmandu,Other,C,0.0,60.333333333333336,181.0,pass,1
712,20.0,52.0,2.0,55.0,Biratnagar,Other,B,7.0,36.333333333333336,109.0,fail,0
713,15.0,7.0,62.0,29.0,Biratnagar,Other,B,2.0,32.666666666666664,98.0,fail,0
714,22.0,78.0,18.0,56.0,Lalitpur,Other,A,9.0,50.666666666666664,152.0,pass,1
715,19.0,48.0,48.0,47.0,Bhaktapur,Other,A,4.5,47.666666666666664,143.0,pass,1
716,24.0,45.0,28.0,46.0,Bhaktapur,Female,A,6.0,39.666666666666664,119.0,fail,0
717,17.0,49.0,29.0,34.0,Lalitpur,Other,B,9.0,37.333333333333336,112.0,fail,0
718,15.0,70.0,38.0,18.0,Kathmandu,Male,A,0.0,42.0,126.0,pass,1
719,19.0,2.0,24.0,7.0,Biratnagar,Female,B,5.0,11.0,33.0,fail,0
720,18.0,92.0,7.0,25.0,Kathmandu,Other,B,6.0,41.333333333333336,124.0,pass,1
721,24.0,63.0,57.0,70.0,Kathmandu,Male,D,5.0,63.333333333333336,190.0,pass,1
722,22.0,43.0,15.0,29.0,Kathmandu,Other,A,3.0,29.0,87.0,fail,0
723,15.0,52.0,71.0,6.0,Bhaktapur,Male,D,0.0,43.0,129.0,pass,1
724,24.0,23.0,0.0,66.0,Kathmandu,Male,C,8.0,29.666666666666668,89.0,fail,0
725,15.0,59.0,4.0,64.0,Bhaktapur,Male,C,3.0,42.333333333333336,127.0,pass,1
726,18.0,2.0,2.0,35.0,Biratnagar,Male,C,6.0,13.0,39.0,fail,0
727,22.0,19.0,64.0,24.0,Bhaktapur,Female,B,6.0,35.666666666666664,107.0,fail,0
728,19.0,45.0,3.0,36.0,Biratnagar,Female,B,1.0,28.0,84.0,fail,0
729,16.0,14.0,98.0,0.0,Biratnagar,Male,B,0.0,37.333333333333336,112.0,fail,0
730,20.0,24.0,95.0,14.0,Bhaktapur,Other,A,7.0,44.333333333333336,133.0,pass,1
731,19.0,93.0,63.0,36.0,Lalitpur,Male,D,7.0,64.0,192.0,pass,1
732,16.0,77.0,97.0,12.0,Pokhara,Female,B,6.0,62.0,186.0,pass,1
733,17.0,70.0,88.0,7.0,Kathmandu,Other,D,7.0,55.0,165.0,pass,1
734,23.0,16.0,9.0,4.0,Pokhara,Female,D,2.0,9.666666666666666,29.0,fail,0
735,21.0,83.0,20.0,59.0,Kathmandu,Female,D,1.0,54.0,162.0,pass,1
736,21.0,99.0,45.0,72.0,Kathmandu,Other,A,6.0,72.0,216.0,pass,1
737,20.0,8.0,90.0,0.0,Biratnagar,Male,A,7.0,32.666666666666664,98.0,fail,0
738,19.0,48.0,48.0,47.0,Bhaktapur,Other,C,4.5,47.666666666666664,143.0,pass,1
739,18.0,47.0,65.0,34.0,Kathmandu,Male,C,9.0,48.666666666666664,146.0,pass,1
740,22.0,59.0,40.0,65.0,Bhaktapur,Male,D,8.0,54.666666666666664,164.0,pass,1
741,19.0,48.0,48.0,47.0,Bhaktapur,Other,C,4.5,47.666666666666664,143.0,pass,1
742,19.0,48.0,48.0,47.0,Bhaktapur,Other,D,4.5,47.666666666666664,143.0,pass,1
743,23.0,1.0,35.0,8.0,Kathmandu,Other,A,2.0,14.666666666666666,44.0,fail,0
744,17.0,87.0,85.0,33.0,Biratnagar,Female,A,5.0,68.33333333333333,205.0,pass,1
745,17.0,71.0,89.0,45.0,Bhaktapur,Other,A,0.0,68.33333333333333,205.0,pass,1
746,16.0,10.0,57.0,77.0,Bhaktapur,Male,B,5.0,48.0,144.0,pass,1
747,24.0,63.0,53.0,3.0,Lalitpur,Female,D,1.0,39.666666666666664,119.0,fail,0
748,17.0,76.0,11.0,29.0,Kathmandu,Male,A,8.0,38.666666666666664,116.0,fail,0
749,17.0,80.0,80.0,94.0,Biratnagar,Male,D,1.0,84.66666666666667,254.0,pass,1
750,19.0,71.0,77.0,74.0,Bhaktapur,Other,C,6.0,74.0,222.0,pass,1
751,19.0,20.0,13.0,98.0,Bhaktapur,Other,C,0.0,43.666666666666664,131.0,pass,1
752,16.0,17.0,33.0,71.0,Biratnagar,Male,A,6.0,40.333333333333336,121.0,pass,1
753,24.0,93.0,52.0,2.0,Kathmandu,Male,D,4.0,49.0,147.0,pass,1
754,19.0,48.0,48.0,47.0,Bhaktapur,Other,A,4.5,47.666666666666664,143.0,pass,1
755,19.0,81.0,74.0,59.0,Bhaktapur,Other,C,3.0,71.33333333333333,214.0,pass,1
756,20.0,94.0,15.0,76.0,Lalitpur,Female,A,9.0,61.666666666666664,185.0,pass,1
757,15.0,37.0,94.0,44.0,Pokhara,Female,D,6.0,58.333333333333336,175.0,pass,1
758,19.0,31.0,69.0,95.0,Kathmandu,Female,C,5.0,65.0,195.0,pass,1
759,23.0,10.0,55.0,33.0,Pokhara,Male,B,4.0,32.666666666666664,98.0,fail,0
760,24.0,44.0,82.0,44.0,Pokhara,Female,C,3.0,56.666666666666664,170.0,pass,1
761,16.0,88.0,57.0,60.0,Pokhara,Female,B,6.0,68.33333333333333,205.0,pass,1
762,19.0,48.0,48.0,47.0,Bhaktapur,Other,A,4.5,47.666666666666664,143.0,pass,1
763,24.0,40.0,3.0,15.0,Kathmandu,Other,A,4.0,19.333333333333332,58.0,fail,0
764,23.0,7.0,19.0,65.0,Biratnagar,Other,D,0.0,30.333333333333332,91.0,fail,0
765,19.0,48.0,48.0,47.0,Bhaktapur,Other,B,4.5,47.666666666666664,143.0,pass,1
766,23.0,85.0,23.0,16.0,Lalitpur,Male,A,4.0,41.333333333333336,124.0,pass,1
767,23.0,50.0,98.0,33.0,Biratnagar,Other,B,2.0,60.333333333333336,181.0,pass,1
768,20.0,87.0,25.0,15.0,Biratnagar,Female,A,1.0,42.333333333333336,127.0,pass,1
769,22.0,40.0,36.0,59.0,Pokhara,Female,C,3.0,45.0,135.0,pass,1
770,15.0,16.0,84.0,65.0,Biratnagar,Male,A,3.0,55.0,165.0,pass,1
771,24.0,75.0,53.0,65.0,Bhaktapur,Female,D,3.0,64.33333333333333,193.0,pass,1
772,18.0,45.0,20.0,89.0,Lalitpur,Other,C,3.0,51.333333333333336,154.0,pass,1
773,15.0,31.0,73.0,12.0,Biratnagar,Male,D,2.0,38.666666666666664,116.0,fail,0
774,22.0,78.0,37.0,55.0,Bhaktapur,Other,C,6.0,56.666666666666664,170.0,pass,1
775,15.0,79.0,45.0,30.0,Bhaktapur,Other,B,8.0,51.333333333333336,154.0,pass,1
776,17.0,53.0,3.0,33.0,Bhaktapur,Other,D,4.0,29.666666666666668,89.0,fail,0
777,18.0,85.0,59.0,38.0,Bhaktapur,Female,A,3.0,60.666666666666664,182.0,pass,1
778,22.0,91.0,56.0,66.0,Pokhara,Female,B,1.0,71.0,213.0,pass,1
779,20.0,19.0,44.0,7.0,Bhaktapur,Other,A,1.0,23.333333333333332,70.0,fail,0
780,24.0,32.0,19.0,86.0,Pokhara,Other,C,4.0,45.666666666666664,137.0,pass,1
781,21.0,73.0,16.0,77.0,Pokhara,Male,C,6.0,55.333333333333336,166.0,pass,1
782,22.0,39.0,70.0,54.0,Bhaktapur,Male,A,9.0,54.333333333333336,163.0,pass,1
783,16.0,31.0,3.0,26.0,Lalitpur,Female,A,9.0,20.0,60.0,fail,0
784,24.0,96.0,92.0,92.0,Bhaktapur,Female,B,8.0,93.33333333333333,280.0,pass,1
785,22.0,1.0,13.0,52.0,Bhaktapur,Male,A,6.0,22.0,66.0,fail,0
786,17.0,96.0,2.0,38.0,Bhaktapur,Other,D,4.0,45.333333333333336,136.0,pass,1
787,21.0,32.0,87.0,64.0,Lalitpur,Female,D,9.0,61.0,183.0,pass,1
788,19.0,48.0,48.0,47.0,Bhaktapur,Other,A,4.5,47.666666666666664,143.0,pass,1
789,21.0,29.0,57.0,29.0,Kathmandu,Male,D,9.0,38.333333333333336,115.0,fail,0
790,16.0,32.0,54.0,52.0,Pokhara,Female,A,5.0,46.0,138.0,pass,1
791,24.0,76.0,3.0,12.0,Pokhara,Female,B,2.0,30.333333333333332,91.0,fail,0
792,20.0,25.0,23.0,20.0,Lalitpur,Male,D,4.0,22.666666666666668,68.0,fail,0
793,17.0,21.0,33.0,18.0,Biratnagar,Female,D,7.0,24.0,72.0,fail,0
794,17.0,65.0,29.0,52.0,Kathmandu,Male,A,0.0,48.666666666666664,146.0,pass,1
795,23.0,37.0,81.0,18.0,Pokhara,Female,D,0.0,45.333333333333336,136.0,pass,1
796,21.0,89.0,18.0,56.0,Kathmandu,Male,C,6.0,54.333333333333336,163.0,pass,1
797,19.0,45.0,30.0,24.0,Lalitpur,Female,B,4.0,33.0,99.0,fail,0
798,24.0,14.0,59.0,85.0,Lalitpur,Other,B,4.0,52.666666666666664,158.0,pass,1
799,21.0,97.0,59.0,30.0,Biratnagar,Other,D,0.0,62.0,186.0,pass,1
800,23.0,43.0,18.0,80.0,Biratnagar,Other,D,8.0,47.0,141.0,pass,1
801,15.0,48.0,48.0,54.0,Lalitpur,Female,C,0.0,50.0,150.0,pass,1
802,21.0,74.0,62.0,22.0,Pokhara,Female,C,4.0,52.666666666666664,158.0,pass,1
803,20.0,60.0,82.0,31.0,Kathmandu,Other,D,9.0,57.666666666666664,173.0,pass,1
804,24.0,66.0,21.0,61.0,Bhaktapur,Other,D,8.0,49.333333333333336,148.0,pass,1
805,23.0,5.0,23.0,73.0,Biratnagar,Male,C,3.0,33.666666666666664,101.0,fail,0
806,15.0,8.0,75.0,9.0,Bhaktapur,Male,A,7.0,30.666666666666668,92.0,fail,0
807,18.0,5.0,29.0,99.0,Pokhara,Male,C,5.0,44.333333333333336,133.0,pass,1
808,23.0,72.0,57.0,71.0,Biratnagar,Other,A,2.0,66.66666666666667,200.0,pass,1
809,18.0,94.0,30.0,53.0,Bhaktapur,Other,B,3.0,59.0,177.0,pass,1
810,24.0,31.0,99.0,51.0,Pokhara,Other,B,1.0,60.333333333333336,181.0,pass,1
811,17.0,40.0,63.0,19.0,Kathmandu,Male,C,0.0,40.666666666666664,122.0,pass,1
812,19.0,48.0,48.0,47.0,Bhaktapur,Other,A,4.5,47.666666666666664,143.0,pass,1
813,16.0,7.0,47.0,13.0,Biratnagar,Other,C,0.0,22.333333333333332,67.0,fail,0
814,18.0,71.0,44.0,49.0,Lalitpur,Female,C,0.0,54.666666666666664,164.0,pass,1
815,20.0,49.0,99.0,27.0,Kathmandu,Female,A,3.0,58.333333333333336,175.0,pass,1
816,16.0,91.0,93.0,52.0,Bhaktapur,Female,C,9.0,78.66666666666667,236.0,pass,1
817,22.0,61.0,54.0,23.0,Biratnagar,Male,B,9.0,46.0,138.0,pass,1
818,22.0,83.0,54.0,78.0,Lalitpur,Female,D,5.0,71.66666666666667,215.0,pass,1
819,15.0,61.0,96.0,21.0,Pokhara,Other,D,8.0,59.333333333333336,178.0,pass,1
820,17.0,6.0,17.0,29.0,Lalitpur,Male,C,0.0,17.333333333333332,52.0,fail,0
821,19.0,48.0,48.0,47.0,Bhaktapur,Other,A,4.5,47.666666666666664,143.0,pass,1
822,23.0,83.0,91.0,3.0,Biratnagar,Other,A,9.0,59.0,177.0,pass,1
823,19.0,79.0,46.0,76.0,Lalitpur,Male,B,4.0,67.0,201.0,pass,1
824,20.0,3.0,74.0,58.0,Pokhara,Other,A,7.0,45.0,135.0,pass,1
825,18.0,5.0,56.0,86.0,Lalitpur,Other,A,6.0,49.0,147.0,pass,1
826,24.0,57.0,44.0,7.0,Biratnagar,Male,B,3.0,36.0,108.0,fail,0
827,19.0,48.0,48.0,47.0,Bhaktapur,Other,C,4.5,47.666666666666664,143.0,pass,1
828,22.0,25.0,16.0,11.0,Bhaktapur,Female,D,5.0,17.333333333333332,52.0,fail,0
829,20.0,2.0,69.0,30.0,Bhaktapur,Other,B,5.0,33.666666666666664,101.0,fail,0
830,19.0,40.0,3.0,77.0,Kathmandu,Female,C,8.0,40.0,120.0,pass,1
831,23.0,59.0,19.0,33.0,Biratnagar,Other,B,4.0,37.0,111.0,fail,0
832,15.0,13.0,46.0,81.0,Bhaktapur,Male,C,7.0,46.666666666666664,140.0,pass,1
833,19.0,74.0,90.0,97.0,Lalitpur,Male,B,4.0,87.0,261.0,pass,1
834,20.0,81.0,14.0,74.0,Pokhara,Other,C,1.0,56.333333333333336,169.0,pass,1
835,19.0,11.0,69.0,75.0,Lalitpur,Male,B,5.0,51.666666666666664,155.0,pass,1
836,20.0,86.0,46.0,48.0,Pokhara,Other,C,8.0,60.0,180.0,pass,1
837,20.0,11.0,77.0,78.0,Bhaktapur,Male,B,2.0,55.333333333333336,166.0,pass,1
838,19.0,48.0,48.0,47.0,Bhaktapur,Other,D,4.5,47.666666666666664,143.0,pass,1
839,18.0,24.0,8.0,94.0,Lalitpur,Other,D,0.0,42.0,126.0,pass,1
840,22.0,44.0,89.0,92.0,Lalitpur,Female,A,2.0,75.0,225.0,pass,1
841,21.0,18.0,15.0,25.0,Lalitpur,Female,C,9.0,19.333333333333332,58.0,fail,0
842,23.0,54.0,68.0,17.0,Pokhara,Other,B,4.0,46.333333333333336,139.0,pass,1
843,21.0,99.0,60.0,95.0,Bhaktapur,Female,C,2.0,84.66666666666667,254.0,pass,1
844,17.0,44.0,9.0,85.0,Lalitpur,Other,D,8.0,46.0,138.0,pass,1
845,17.0,7.0,49.0,37.0,Lalitpur,Female,C,7.0,31.0,93.0,fail,0
846,22.0,92.0,2.0,80.0,Kathmandu,Other,B,2.0,58.0,174.0,pass,1
847,19.0,52.0,76.0,86.0,Kathmandu,Other,C,8.0,71.33333333333333,214.0,pass,1
848,18.0,54.0,93.0,87.0,Bhaktapur,Male,B,5.0,78.0,234.0,pass,1
849,22.0,31.0,69.0,49.0,Bhaktapur,Other,D,6.0,49.666666666666664,149.0,pass,1
850,20.0,50.0,80.0,7.0,Biratnagar,Other,D,3.0,45.666666666666664,137.0,pass,1
851,16.0,43.0,50.0,40.0,Kathmandu,Female,D,3.0,44.333333333333336,133.0,pass,1
852,18.0,81.0,18.0,5.0,Biratnagar,Other,A,1.0,34.666666666666664,104.0,fail,0
853,18.0,69.0,41.0,68.0,Pokhara,Male,D,4.0,59.333333333333336,178.0,pass,1
854,20.0,17.0,34.0,43.0,Biratnagar,Female,C,7.0,31.333333333333332,94.0,fail,0
855,20.0,82.0,45.0,63.0,Lalitpur,Female,A,6.0,63.333333333333336,190.0,pass,1
856,15.0,21.0,25.0,28.0,Biratnagar,Male,D,6.0,24.666666666666668,74.0,fail,0
857,22.0,36.0,68.0,27.0,Bhaktapur,Female,C,5.0,43.666666666666664,131.0,pass,1
858,20.0,95.0,92.0,10.0,Pokhara,Female,C,2.0,65.66666666666667,197.0,pass,1
859,17.0,55.0,63.0,64.0,Lalitpur,Female,C,4.0,60.666666666666664,182.0,pass,1
860,19.0,48.0,48.0,47.0,Bhaktapur,Other,B,4.5,47.666666666666664,143.0,pass,1
861,16.0,2.0,83.0,8.0,Pokhara,Male,A,6.0,31.0,93.0,fail,0
862,22.0,27.0,48.0,26.0,Pokhara,Male,C,8.0,33.666666666666664,101.0,fail,0
863,24.0,73.0,20.0,33.0,Lalitpur,Female,B,0.0,42.0,126.0,pass,1
864,17.0,34.0,73.0,43.0,Biratnagar,Female,D,1.0,50.0,150.0,pass,1
865,19.0,60.0,63.0,67.0,Pokhara,Male,C,2.0,63.333333333333336,190.0,pass,1
866,20.0,92.0,4.0,99.0,Pokhara,Male,B,2.0,65.0,195.0,pass,1
867,19.0,48.0,48.0,47.0,Bhaktapur,Other,C,4.5,47.666666666666664,143.0,pass,1
868,20.0,62.0,69.0,14.0,Pokhara,Female,A,6.0,48.333333333333336,145.0,pass,1
869,18.0,78.0,89.0,50.0,Kathmandu,Female,A,5.0,72.33333333333333,217.0,pass,1
870,17.0,96.0,3.0,12.0,Biratnagar,Other,D,9.0,37.0,111.0,fail,0
871,18.0,6.0,38.0,82.0,Biratnagar,Male,C,9.0,42.0,126.0,pass,1
872,15.0,75.0,34.0,48.0,Biratnagar,Female,B,3.0,52.333333333333336,157.0,pass,1
873,18.0,48.0,0.0,69.0,Bhaktapur,Male,D,8.0,39.0,117.0,fail,0
874,15.0,93.0,23.0,55.0,Biratnagar,Female,C,0.0,57.0,171.0,pass,1
875,15.0,84.0,56.0,75.0,Pokhara,Male,D,1.0,71.66666666666667,215.0,pass,1
876,24.0,30.0,99.0,50.0,Lalitpur,Female,B,3.0,59.666666666666664,179.0,pass,1
877,20.0,57.0,69.0,36.0,Kathmandu,Other,D,2.0,54.0,162.0,pass,1
878,19.0,60.0,40.0,16.0,Bhaktapur,Other,D,0.0,38.666666666666664,116.0,fail,0
879,18.0,23.0,53.0,57.0,Biratnagar,Male,D,4.0,44.333333333333336,133.0,pass,1
880,19.0,48.0,48.0,47.0,Bhaktapur,Other,C,4.5,47.666666666666664,143.0,pass,1
881,15.0,36.0,59.0,89.0,Lalitpur,Female,B,1.0,61.333333333333336,184.0,pass,1
882,20.0,3.0,59.0,28.0,Lalitpur,Male,A,4.0,30.0,90.0,fail,0
883,16.0,91.0,56.0,32.0,Bhaktapur,Female,C,5.0,59.666666666666664,179.0,pass,1
884,19.0,48.0,48.0,47.0,Bhaktapur,Other,A,4.5,47.666666666666664,143.0,pass,1
885,24.0,59.0,83.0,90.0,Biratnagar,Female,A,0.0,77.33333333333333,232.0,pass,1
886,19.0,23.0,23.0,88.0,Bhaktapur,Male,C,6.0,44.666666666666664,134.0,pass,1
887,21.0,49.0,88.0,54.0,Pokhara,Female,C,3.0,63.666666666666664,191.0,pass,1
888,24.0,48.0,35.0,9.0,Pokhara,Male,B,7.0,30.666666666666668,92.0,fail,0
889,16.0,50.0,84.0,46.0,Bhaktapur,Female,B,3.0,60.0,180.0,pass,1
890,22.0,95.0,29.0,22.0,Biratnagar,Other,D,5.0,48.666666666666664,146.0,pass,1
891,16.0,35.0,23.0,84.0,Bhaktapur,Female,A,8.0,47.333333333333336,142.0,pass,1
892,18.0,97.0,29.0,20.0,Biratnagar,Male,B,4.0,48.666666666666664,146.0,pass,1
893,15.0,99.0,85.0,12.0,Lalitpur,Other,D,3.0,65.33333333333333,196.0,pass,1
894,19.0,65.0,91.0,32.0,Bhaktapur,Female,B,7.0,62.666666666666664,188.0,pass,1
895,23.0,78.0,6.0,23.0,Biratnagar,Other,C,8.0,35.666666666666664,107.0,fail,0
896,15.0,33.0,34.0,10.0,Bhaktapur,Female,B,3.0,25.666666666666668,77.0,fail,0
897,23.0,35.0,54.0,16.0,Bhaktapur,Other,A,2.0,35.0,105.0,fail,0
898,22.0,5.0,91.0,67.0,Biratnagar,Male,B,7.0,54.333333333333336,163.0,pass,1
899,20.0,38.0,13.0,46.0,Biratnagar,Female,A,4.0,32.333333333333336,97.0,fail,0
900,19.0,48.0,48.0,47.0,Bhaktapur,Other,C,4.5,47.666666666666664,143.0,pass,1
901,17.0,57.0,79.0,93.0,Bhaktapur,Male,A,9.0,76.33333333333333,229.0,pass,1
902,19.0,48.0,48.0,47.0,Bhaktapur,Other,B,4.5,47.666666666666664,143.0,pass,1
903,19.0,48.0,48.0,47.0,Bhaktapur,Other,D,4.5,47.666666666666664,143.0,pass,1
904,16.0,17.0,94.0,83.0,Bhaktapur,Male,C,1.0,64.66666666666667,194.0,pass,1
905,19.0,39.0,88.0,82.0,Biratnagar,Other,B,0.0,69.66666666666667,209.0,pass,1
906,22.0,20.0,76.0,82.0,Bhaktapur,Male,C,7.0,59.333333333333336,178.0,pass,1
907,23.0,14.0,69.0,11.0,Bhaktapur,Female,C,2.0,31.333333333333332,94.0,fail,0
908,16.0,96.0,43.0,36.0,Pokhara,Female,B,6.0,58.333333333333336,175.0,pass,1
909,17.0,98.0,72.0,41.0,Biratnagar,Female,B,0.0,70.33333333333333,211.0,pass,1
910,17.0,25.0,44.0,16.0,Bhaktapur,Male,D,0.0,28.333333333333332,85.0,fail,0
911,15.0,7.0,99.0,47.0,Lalitpur,Female,C,8.0,51.0,153.0,pass,1
912,22.0,99.0,55.0,27.0,Kathmandu,Female,C,7.0,60.333333333333336,181.0,pass,1
913,20.0,93.0,83.0,40.0,Pokhara,Female,B,2.0,72.0,216.0,pass,1
914,22.0,86.0,81.0,98.0,Bhaktapur,Female,A,5.0,88.33333333333333,265.0,pass,1
915,23.0,41.0,56.0,46.0,Lalitpur,Female,B,2.0,47.666666666666664,143.0,pass,1
916,19.0,43.0,20.0,17.0,Bhaktapur,Female,C,3.0,26.666666666666668,80.0,fail,0
917,17.0,13.0,67.0,77.0,Bhaktapur,Male,B,0.0,52.333333333333336,157.0,pass,1
918,19.0,77.0,49.0,98.0,Biratnagar,Female,D,4.0,74.66666666666667,224.0,pass,1
919,19.0,1.0,32.0,70.0,Biratnagar,Female,A,0.0,34.333333333333336,103.0,fail,0
920,19.0,36.0,90.0,12.0,Biratnagar,Other,B,0.0,46.0,138.0,pass,1
921,17.0,68.0,6.0,81.0,Lalitpur,Male,D,9.0,51.666666666666664,155.0,pass,1
922,24.0,37.0,69.0,12.0,Bhaktapur,Male,C,6.0,39.333333333333336,118.0,fail,0
923,18.0,40.0,14.0,99.0,Kathmandu,Male,B,5.0,51.0,153.0,pass,1
924,23.0,61.0,81.0,30.0,Pokhara,Male,C,1.0,57.333333333333336,172.0,pass,1
925,19.0,48.0,48.0,47.0,Bhaktapur,Other,D,4.5,47.666666666666664,143.0,pass,1
926,23.0,13.0,74.0,15.0,Biratnagar,Female,C,6.0,34.0,102.0,fail,0
927,16.0,88.0,19.0,8.0,Bhaktapur,Other,D,0.0,38.333333333333336,115.0,fail,0
928,22.0,83.0,87.0,72.0,Bhaktapur,Other,D,1.0,80.66666666666667,242.0,pass,1
929,22.0,1.0,14.0,37.0,Lalitpur,Male,D,7.0,17.333333333333332,52.0,fail,0
930,21.0,69.0,47.0,74.0,Lalitpur,Other,B,5.0,63.333333333333336,190.0,pass,1
931,22.0,16.0,70.0,53.0,Biratnagar,Other,C,1.0,46.333333333333336,139.0,pass,1
932,17.0,88.0,20.0,55.0,Bhaktapur,Male,C,6.0,54.333333333333336,163.0,pass,1
933,20.0,27.0,41.0,85.0,Kathmandu,Male,A,3.0,51.0,153.0,pass,1
934,15.0,65.0,25.0,96.0,Pokhara,Other,A,1.0,62.0,186.0,pass,1
935,21.0,34.0,13.0,99.0,Bhaktapur,Female,A,5.0,48.666666666666664,146.0,pass,1
936,15.0,4.0,56.0,86.0,Bhaktapur,Other,A,8.0,48.666666666666664,146.0,pass,1
937,23.0,64.0,36.0,44.0,Lalitpur,Other,C,8.0,48.0,144.0,pass,1
938,15.0,39.0,57.0,33.0,Pokhara,Female,D,7.0,43.0,129.0,pass,1
939,19.0,48.0,48.0,47.0,Bhaktapur,Other,D,4.5,47.666666666666664,143.0,pass,1
940,21.0,55.0,81.0,87.0,Bhaktapur,Male,B,2.0,74.33333333333333,223.0,pass,1
941,16.0,35.0,68.0,7.0,Biratnagar,Male,D,1.0,36.666666666666664,110.0,fail,0
942,19.0,44.0,2.0,6.0,Bhaktapur,Other,C,4.0,17.333333333333332,52.0,fail,0
943,22.0,22.0,86.0,35.0,Biratnagar,Female,C,3.0,47.666666666666664,143.0,pass,1
944,22.0,46.0,89.0,17.0,Pokhara,Male,C,6.0,50.666666666666664,152.0,pass,1
945,17.0,30.0,36.0,2.0,Lalitpur,Other,B,3.0,22.666666666666668,68.0,fail,0
946,21.0,10.0,87.0,27.0,Pokhara,Female,A,8.0,41.333333333333336,124.0,pass,1
947,17.0,9.0,48.0,69.0,Kathmandu,Other,D,1.0,42.0,126.0,pass,1
948,19.0,48.0,48.0,47.0,Bhaktapur,Other,C,4.5,47.666666666666664,143.0,pass,1
949,20.0,13.0,88.0,20.0,Pokhara,Male,C,6.0,40.333333333333336,121.0,pass,1
950,17.0,79.0,84.0,27.0,Kathmandu,Female,A,3.0,63.333333333333336,190.0,pass,1
951,21.0,73.0,11.0,53.0,Bhaktapur,Other,C,5.0,45.666666666666664,137.0,pass,1
952,17.0,92.0,60.0,53.0,Bhaktapur,Female,D,6.0,68.33333333333333,205.0,pass,1
953,22.0,9.0,40.0,64.0,Biratnagar,Male,B,3.0,37.666666666666664,113.0,fail,0
954,24.0,75.0,32.0,99.0,Lalitpur,Male,C,7.0,68.66666666666667,206.0,pass,1
955,18.0,93.0,49.0,20.0,Bhaktapur,Other,D,8.0,54.0,162.0,pass,1
956,15.0,0.0,67.0,98.0,Lalitpur,Other,C,0.0,55.0,165.0,pass,1
957,18.0,4.0,70.0,12.0,Bhaktapur,Other,A,6.0,28.666666666666668,86.0,fail,0
958,21.0,19.0,85.0,56.0,Biratnagar,Female,C,8.0,53.333333333333336,160.0,pass,1
959,18.0,7.0,32.0,48.0,Pokhara,Other,C,9.0,29.0,87.0,fail,0
960,20.0,42.0,80.0,53.0,Biratnagar,Other,B,4.0,58.333333333333336,175.0,pass,1
961,23.0,75.0,23.0,9.0,Kathmandu,Male,A,1.0,35.666666666666664,107.0,fail,0
962,15.0,0.0,60.0,52.0,Bhaktapur,Male,A,9.0,37.333333333333336,112.0,fail,0
963,19.0,56.0,60.0,43.0,Kathmandu,Other,B,5.0,53.0,159.0,pass,1
964,21.0,63.0,97.0,46.0,Kathmandu,Other,C,6.0,68.66666666666667,206.0,pass,1
965,15.0,83.0,27.0,52.0,Lalitpur,Male,D,1.0,54.0,162.0,pass,1
966,18.0,27.0,57.0,73.0,Bhaktapur,Other,A,1.0,52.333333333333336,157.0,pass,1
967,20.0,36.0,42.0,45.0,Kathmandu,Female,A,9.0,41.0,123.0,pass,1
968,16.0,46.0,40.0,12.0,Pokhara,Female,C,9.0,32.666666666666664,98.0,fail,0
969,24.0,75.0,38.0,36.0,Kathmandu,Female,C,0.0,49.666666666666664,149.0,pass,1
970,19.0,36.0,85.0,23.0,Pokhara,Other,A,3.0,48.0,144.0,pass,1
971,24.0,48.0,48.0,1.0,Lalitpur,Male,C,6.0,32.333333333333336,97.0,fail,0
972,15.0,43.0,16.0,85.0,Kathmandu,Other,D,8.0,48.0,144.0,pass,1
973,20.0,55.0,97.0,80.0,Biratnagar,Other,A,2.0,77.33333333333333,232.0,pass,1
974,19.0,48.0,48.0,47.0,Bhaktapur,Other,D,4.5,47.666666666666664,143.0,pass,1
975,19.0,48.0,48.0,47.0,Bhaktapur,Other,D,4.5,47.666666666666664,143.0,pass,1
976,22.0,5.0,97.0,9.0,Lalitpur,Male,C,6.0,37.0,111.0,fail,0
977,18.0,60.0,64.0,34.0,Kathmandu,Female,D,1.0,52.666666666666664,158.0,pass,1
978,22.0,19.0,73.0,24.0,Bhaktapur,Other,C,5.0,38.666666666666664,116.0,fail,0
979,22.0,77.0,84.0,2.0,Bhaktapur,Male,B,1.0,54.333333333333336,163.0,pass,1
980,19.0,1.0,4.0,16.0,Pokhara,Other,C,5.0,7.0,21.0,fail,0
981,18.0,72.0,1.0,11.0,Pokhara,Female,D,9.0,28.0,84.0,fail,0
982,16.0,36.0,21.0,53.0,Bhaktapur,Female,B,2.0,36.666666666666664,110.0,fail,0
983,17.0,19.0,56.0,23.0,Pokhara,Male,C,1.0,32.666666666666664,98.0,fail,0
984,17.0,25.0,65.0,28.0,Lalitpur,Male,D,5.0,39.333333333333336,118.0,fail,0
985,18.0,28.0,73.0,42.0,Biratnagar,Other,A,1.0,47.666666666666664,143.0,pass,1
986,18.0,0.0,97.0,24.0,Biratnagar,Male,A,4.0,40.333333333333336,121.0,pass,1
987,19.0,48.0,48.0,47.0,Bhaktapur,Other,C,4.5,47.666666666666664,143.0,pass,1
988,19.0,69.0,50.0,59.0,Biratnagar,Male,C,2.0,59.333333333333336,178.0,pass,1
989,18.0,58.0,38.0,89.0,Kathmandu,Other,A,2.0,61.666666666666664,185.0,pass,1
990,24.0,68.0,85.0,64.0,Lalitpur,Other,D,5.0,72.33333333333333,217.0,pass,1
991,22.0,32.0,75.0,83.0,Pokhara,Other,D,5.0,63.333333333333336,190.0,pass,1
992,20.0,50.0,87.0,27.0,Lalitpur,Other,D,9.0,54.666666666666664,164.0,pass,1
993,20.0,77.0,39.0,15.0,Bhaktapur,Female,C,2.0,43.666666666666664,131.0,pass,1
994,22.0,11.0,37.0,46.0,Pokhara,Other,B,2.0,31.333333333333332,94.0,fail,0
995,21.0,19.0,59.0,80.0,Bhaktapur,Male,B,0.0,52.666666666666664,158.0,pass,1
996,24.0,52.0,58.0,91.0,Pokhara,Female,B,6.0,67.0,201.0,pass,1
997,24.0,87.0,9.0,57.0,Biratnagar,Female,B,7.0,51.0,153.0,pass,1
998,22.0,42.0,98.0,75.0,Lalitpur,Other,B,1.0,71.66666666666667,215.0,pass,1
999,19.0,48.0,48.0,47.0,Bhaktapur,Other,C,4.5,47.666666666666664,143.0,pass,1
1000,23.0,88.0,62.0,52.0,Pokhara,Other,C,9.0,67.33333333333333,202.0,pass,1
